_id,name_en,name_kn
1,APPLE DELICIOUS,ಆಪಲ್ ಡೆಲೀಷಿಯಸ್
2,APPLE SIMLA,ಸೇಬು ಸಿಮ್ಲಾ
3,APPLE MISRI,ಸೇಬು ಮಿಸ್ರೀ
4,APPLE WASHINGTON,ವಾಶಿಂಗ್ಟನ್ /ಚಿಲಿ/ಸೌತ್‍ಆಫ್ರಿಕಾ ಸೇಬು
5,APPLE ROYAL GALA,ಆಪಲ್ ರಾಯಲ್ ಗಾಲ
6,APPLE GOLDEN DELICIOUS,ಆಪಲ್ ನ್ಯೂಜಿಲ್ಯಾoಡ್ ವಾಶಿಂಗ್ಟನ್ ರಾಯಲ್ ಗಾಲ
7,APPLE CHINA VARIETY,ಸೇಬು ಚೈನಾ ಫ್ಯೂಜಿ
8,APPLE BRAZIL,ಹಜರತ್‍ಪಲ್ಲಿ ಸೇಬು
9,TAIWAN GELLY 100 GM,ಥೈವಾನ್ ಗೆಲ್ಲಿ 100 ಗ್ರಾಮ್ಸ್
10,APPLE DELICIOUS EXPORT,ಆಪಲ್ ರುಚಿಕರವಾದ ರಪ್ತು
11,BANANA PACHABALE,ಪಚ್ಚಬಾಳೆ
12,BANANA YELLAKKI,ಯಾಲಕ್ಕಿ ಬಾಳೆ
13,BANAN CHANDRA,ಚಂದ್ರಬಾಳೆ
14,BANAN NENDEA,ನೇಂದ್ರಬಾಳೆ
15,CHAKKOTHA FRUIT,ಚಕೋತ ಹಣ್ಣು
16,BANANA RASABLE,ರಸಬಾಳೆ
17,DRY APRICOT,ಜಲ್ದರುಹಣ್ಣು ೨೦೦ ಗ್ರಾ o
18,CUSTORD APPLE,ಸೀತಾಫಲ
19,CHIKO,ಸಪೋಟ
20,GUAVA,ಸೀಬೆ
21,GUAVA ALLAHABAD,ಸೀಬೆ ಅಲಹಾಬಾದ್
22,GRAPES BANGALORE BLUE,ದ್ರಾಕ್ಷಿ ಬೆಂಗಳೂರು ನೀಲಿ
23,GRAPES ANOB E SHABI,ದ್ರಾಕ್ಷಿ ಅನಾಭಿಶಾಯಿ
24,GRAPES - DILLKUSH,ದ್ರಾಕ್ಷಿ ದಿಲ್‍ಕುಷ್
25,GRAPES - SHARAD,ದ್ರಾಕ್ಷಿ ಶರದ್
26,ITALY APPLE,ಇಟಲಿ ಸೇಬು
27,GRAPES SONIKA,ದ್ರಾಕ್ಷಿ ಸೋನಿಕ
28,GRAPES FLAME,ದ್ರಾಕ್ಷಿ ಪ್ಲೇಮ್
29,GRAPES KRISHNA SHOROD,ದ್ರಾಕ್ಷಿ ಕೃಷ್ಣ ಶಾರದ್
30,GRAPES CRIM SAN,ದ್ರಾಕ್ಷಿ ಕ್ರಿಂ ಸ್ಯಾನ್
31,GRAPES TS,ದ್ರಾಕ್ಷಿ ಥಾಮ್ಸನ್ ಸೀಡ್‍ಲೆಸ್
32,GRAPES RED GLOBE AUSTRALIA,ರೇಡ್ ಗ್ಲೋಬ್ ದ್ರಾಕ್ಷಿ
33,GRAPES DRY 200 gram,ಒಣ ದ್ರಾಕ್ಷಿ 200 ಗ್ರಾಮ್ಸ್
34,DRY GRAPES 200GM,ಒಣ ದ್ರಾಕ್ಷಿ 200 ಗ್ರಾಮ್ಸ್
35,JACK FRUITS,ಹಲಸಿನ ಹಣ್ಣು
36,Indian Black Globe Grapes,ಇಂಡಿಯನ್ ಬ್ಲ್ಯಾಕ್ ಗ್ಲೋಬ್
37,PAPAYA RED INDIAN,ಪರಂಗಿಹಣ್ಣು ರೆಡ್ ಇಂಡಿಯನ್
38,ROW MANGO AMARAPALLI,ಮಾವು ಅಮರಪಲ್ಲಿ ಕಾಯಿ
39,CUSTARD APPLE SAHANA,ಸೀತಾಫಲ ಸಹನ
40,GUAVA TAIWAN,ತೈವಾನ್ ಸೀಬೆ
41,MANGO RASPURI,ಮ್ಯಾಂಗೋ ರಸಪುರಿ
42,MANGO SENDARA,ಮ್ಯಾಂಗೋ ಸೆಂದಾರ
43,MANGO BYGANPALLI,ಮ್ಯಾಂಗೋ ಬೈಗನಪಲ್ಲಿ
44,MANGO MALAGOA,ಮ್ಯಾಂಗೋ ಮಲಗೋವಾ
45,MANGO MALLIKA,ಮಲ್ಲಿಕಾ ಮಾವು
46,MANGO THOTAPURI,ಮ್ಯಾಂಗೋ ತೋತಾಪುರಿ
47,MANGO KALAPADU,ಮ್ಯಾಂಗೋ ಕಾಲಪಾಡು
48,MANGO NEELAM,ಮ್ಯಾಂಗೋ ನೀಲಂ
49,MANGO DASHIRI,ಮ್ಯಾಂಗೋ ದಸರಿ
50,MANGA LANGADA,ಮ್ಯಾಂಗೋ ಲಂಗಡ
51,MANGA KESAR,ಮ್ಯಾಂಗೋ ಕೇಸರ್
52,MANGO AMARPALLI,ಮ್ಯಾಂಗೋ ಅಮರಪಲ್ಲಿ
53,MANGO RATHNAGIRI,ಮ್ಯಾಂಗೋ ರತ್ನಗಿರಿ
54,Tender coconut Big,ತೆಂಗಿನಕಾಯಿ ದೊಡ್ಡದು
55,MANGO SAKKEREGUTTI,ಮ್ಯಾಂಗೋ ಸಕ್ಕೆರೆಗುಟ್ಟಿ
56,ORANGE KODAGU,ಕಿತ್ತಳೆ ಕೊಡಗು
57,ORANGE NAGPUR,ನಾಗಪುರ್ ಕಿತ್ತಳೆ
58,APPLE CHINA FUZI,ಸೌತ್ ಆಫ್ರಿಕ ಚಿಕ್ಕ ಕಿತ್ತಳೆಹಣ್ಣು
59,ORANGE AUSTRALIA,ಆಸ್ಟ್ರೇಲಿಯಾ ಕಿತ್ತಳೆ
60,ORANGE EGYPT,ಈಜಿಪ್ಟ್ ಕಿತ್ತಳೆ
61,ORANGE SOUTH AFRICA,ಸೌತ್ ಆಫ್ರಿಕಾ ಕಿತ್ತಳೆ
62,POMEGRANTE,ದಾಳಿಂಬೆ
63,POME GRANATE BHAGAV,ದಾಳಿಂಬೆ ಭಾಗ್ವ
64,CHERRY FRUIT Box,ಚೆರ್ರಿ ಫ್ರೂಟ್
65,POME GRANATE GANESHA,ಪ್ರೊಮ್ ಗ್ರಾನ್ಟೆ ಗಣೇಶ
66,PAPAYA LOCAL,ಸ್ತಳಿಯ ಪರಂಗಿ ಹಣ್ಣು
67,PAPAYA THAIWAN RED LADY,ಪರಂಗಿ ಹಣ್ಣು ತೈವಾನ್ ರೆಡ್ ಲೇಡಿ
68,PAPAYA RED LADY,ಪರಂಗಿ ಹಣ್ಣು ರೆಡ್ ಲೇಡಿ
69,PAPAYA SOLO,ಪಪ್ಪಾಯ ಸೋಲಾ
70,PINE APPLE,ಅನಾನಸ್
71,PLUMS OOTY,ಪ್ಲಮ್ಸ್
72,PLUM AUSTRALIA,ಆಸ್ಟ್ರೇಲಿಯಾ ಪ್ಲಮ್ಸ್
73,KAMRAK,ಕೊಬ್ಬರಿ ಹಣ್ಣು
74,DRAGAN FRUIT,ಡ್ರಾಗನ್ ಫ್ರೂಟ್ಸ್
75,ROSE - APPLE,ರೋಜ್ ಆಪಲ್
76,Anjura Fruit box,ಅಂಜೂರ ಹಣ್ಣಿನ ಪೆಟ್ಟಿಗೆ
77,SWEET TOMRIND(Thailand) 250 gram,ಸಿಹಿ ಹುಣಸೆಹಣ್ಣು(ಥ್ಯೆಲ್ಯಾಂಡ್) 250 ಗ್ರಾಮ್ಸ್
78,WATER MELON LOCAL,ನಾಮಧಾರಿ ಕಲ್ಲಂಗಡಿ
79,WATER MELON KIRAN,ಕಲ್ಲಂಗಡಿ ಕಿರಣ್
80,MELON NANDHARI,ಕಲ್ಲಂಗಡಿ ನಂಧರಿ
81,MOSAMBI,ಮೂಸಂಬಿ
82,MOSAMBI POLO,ಮೋಸಂಬಿ ಪೋಲೊ
83,SWEET MELON NANDHARI (RED),ನಾಮಧಾರಿ ಕರ್ಬೂಜ
84,SWEET MELON LOCAL,ಸ್ವೀಟ್ ಮೆಲಾನ್
85,BORE FRUIT,ಬೋರ್ ಹಣ್ಣು
86,BUTTER FRUIT,ಬೆಣ್ಣೆಹಣ್ಣು
87,Anjura,ಅಂಜೂರ
88,PEAS SEEDS,ಬಟಾಣಿ ಕಾಳು
89,PANNERLE FRUITS,ಬ್ರೆಡ್ ಫ್ರೂಟ್
90,APPLE CHILLE,ಸೇಬು ಚಿಳ್ಳೆ
91,GRAPES INDIAN RED GLOBE,ದ್ರಾಕ್ಷಿ ಇಂಡಿಯನ್ ರೆಡ್ ಗ್ಲೋಬ್
92,CORN BAILED 120GMS,ಜೋಳ ಬೇಲ್ಡ್ 120 ಗ್ರಾಮ್ಸ್
93,CORN BAILED 300GMS,ಜೋಳ ಬೇಲ್ಡ್ 300 ಗ್ರಾಮ್ಸ್
94,Raw Almond,ಹಸಿ ಬಾದಾಮಿ
95,BED FRUIT ALASU,ಇಚಲು ಹಣ್ಣು
96,SOUTH AFRICA SOFT BERRY,ಸೌತ್ ಆಫ್ರಿಕಾ ಬೇರಿ
97,On Juice 200ML,ಜ್ಯೂಸ್ 200ml
98,MANGO BADAMI BOX,ಮ್ಯಾಂಗೊ ಬಾದಾಮಿ ಬಾಕ್ಸ್
99,On Juice Apple 1Lts,ಆಪಲ್ ಜ್ಯೂಸ್ 1Lts
100,N Juice 200 ml,ಎನ್ ಜ್ಯೂಸ್ 200 ಮಿಲೀ
101,AMLA,ಬೆಟ್ಟದ ನೆಲ್ಲಿಕಾಯಿ
102,BEANS,ಹುರಳೀಕಾಯಿ
103,BEANS FRUIT,ಸ್ಥಳೀಯ ಹುರುಳೀಕಾಯಿ
104,KF 500 ml,ಕೆ ಎಫ್ 500 ಮಿಲಿ
105,Raif Beans,ಹಣ್ಣು ಹುರಳೀಕಾಯಿ
106,MUSKIN JOLA,ಹುರುಳಿಕಾಯಿ ಬಿಡಿಸಿದ್ಧು
107,BRINJAL,ಬದನೆಕಾಯಿ
108,BRINJAL WHITE,ಬದನಕಾಯಿ (ಬಿಳಿ)
109,BRINJAL ROUND,ಬದನಕಾಯಿ (ಗುಂಡು)
110,BRINJAL BOTTLE,ಬಾಟಲ್ ಬದನೆ
111,BRINJAL MANGALORE,ಮಂಗಳೂರು ಬದನೆಕಾಯಿ
112,BEET ROOT,ಬೀಟ್‍ರೂಟ್
113,SUVARNA ROOT,ಸುವರ್ಣಗಡ್ಡೆ
114,BITTER GOURD,ಹಾಗಲಕಾಯಿ
115,BOTTLE GOURD,ಸೋರೆಕಾಯಿ
116,CHOW CHOW,ಸೀಮೆಬದನೆಕಾಯಿ
117,CUCUMBER LOCAL,ಸೌತೆಕಾಯಿ
118,CUCUMBER NatiI,ನಾಟೀ ಸೌತೆಕಾಯಿ
119,CUCUMBER ISRAIL,ಸೌತೆಕಾಯಿ ಇಸ್ರೇಲ್
120,CUCUMBER EUROPEAN,ಯೂರೋಪಿಯನ್ ಸೌತೆಕಾಯಿ
121,CUCUMBER MANGALORE / SAMBAR,ಮಂಗಳೂರು ಸೌತೆಕಾಯಿ
122,CLUSTER BEANS,ಗೋರಿಕಾಯಿ ಗೊಂಚಲು
123,CAPSICUM,ದಪ್ಪಮೆಣಸಿನಕಾಯಿ
124,GUAVA (Red),ಸೀಬೆ (ಕೆಂಪು)
125,CAPSICUM RED / YELLOW,ದ.ಮೆ.ಕಾಯಿ ಕೆಂಪು/ಹಳದಿ
126,CHILLIES (GREEN),ಹಸಿಮೆಣಸಿನಕಾಯಿ
127,CHILLIES BAJJI,ಬಜ್ಜಿ ಮೆಣಸಿನಕಾಯಿ
128,CHILLIES CLEANED,ಶುದ್ದಗೋಳೀಸದ ಮೆಣಸಿನಕಾಯಿಗಳು
129,CHILLIES SMALL,ಚಿಕ್ಕ ಮೆಣಸಿನಕಾಯಿ
130,CARROT OOTY,ಊಟಿ ಕ್ಯಾರೇಟ್
131,CARROT DELHI,ಕ್ಯಾರಟ್ ಡೆಲ್ಲಿ
132,CARROT NATI,ನಾಟಿ ಕ್ಯಾರೇಟ್
133,COW PEA LOCAL,ಹಸು ಬಟಾಣಿ ಸ್ಥಳೀಯ
134,COW PEA LONG,ಅಲಸಂದ ಉದ್ದ
135,COCONUT BIG,ತೆಂಗಿನಕಾಯಿ ದಪ್ಪ
136,COCONUT MEDIUM,ತೆಂಗಿನಕಾಯಿ ಮಧ್ಯಮ
137,COCONUT SMALL,ತೆಂಗಿನಕಾಯಿ ಸಣ್ಣ
138,COCONUT OVER SMALL,ತೆಂಗಿನಕಾಯಿ ಅತಿ ಸಣ್ಣ
139,CABBAGE LOCAL,ಎಲೆಕೋಸು
140,CABBAGE RED,ಕೆಂಪುಎಲೆಕೋಸು
141,CABBAGE CHAINA,ಚೈನಾ ಎಲೆಕೋಸು
142,COULI FLOWER BIG,ಹೂಕೋಸು (ದಪ್ಪ) ಒಂದಕ್ಕೆ
143,COULI FLOWER MEDIMUM,ಹೂಕೋಸು (ಮಧ್ಯಮ) ಒಂದಕ್ಕೆ
144,COULI FLOWER SMALL,ಹೂಕೋಸು ಸಣ್ಣ
145,COULI FLOWER PER KG,ಹೂಕೋಸು ಸಣ್ಣ ಕೆಜಿ
146,CHERRY TOMATO,ಚೆರಿ ಟಮೋಟೊ
147,DRUM STICK,ನುಗ್ಗೇಕಾಯಿ
148,BEANS ARICOT,ಹಾರಿಕಾಟ ಬೀನ್ಸ್
149,DOUBLE BEANS,ಡಬ್ಬಲ್ ಬೀನ್ಸ್
150,GROUND NUT LOCAL,ಕಡ್ಲೆಕಾಯಿ
151,GROUND NUT HY BRID,ಹೈಬ್ರಿಡ್ ಕಡಲೇಕಾಯಿ
152,GINGER,ಹಸಿಶುಂಠಿ
153,GINGER NEW,ಹೊಸ ಶುಂಠಿ
154,GINGER OOTY,ಶುಂಠಿ ಊಟಿ
155,HERALIKAI,ಹೆರಳೀಕಾಯಿ
156,LADDY'S FINGER,ಬೆಂಡೆಕಾಯಿ
157,LITTLE GOURD,ತೋoಡೇಕಾಯಿ
158,LIME LOCAL,ನಿಂಬೆಹಣ್ಣು
159,Sugar can(small) 1 No.,ಕಬ್ಬು (ಚಿಕ್ಕದು)
160,MUSHROOM BUTTON,ಅಣಬೆ ಬಟನ್
161,MUSHROOM MILKY,ಮಸ್ರುಮ್ ಮಿಲ್ಕಿ
162,MUSHROOM OYSTER,ಹೊಸ್ಟರ್
163,ONION ECONOMY,ಈರುಳ್ಳಿ ಮಧ್ಯಮ
164,BRINJAL WHITE ROUND,ಬದನೆಕಾಯಿ ಬಿಳಿ ದುಂಡು
165,ONION SMALL Economy,ಈರುಳ್ಳಿ ಸಣ್ಣ ಮಿತವ್ಯಯ
166,ONION SAMBAR,ಸಾಂಬಾರ್ ಈರುಳ್ಳಿ
167,PEAS NATI,ಬಟಾಣಿ (ನಾಟಿ)
168,ALASINA KAI,ಹಲಸಿನಕಾಯಿ
169,PEAS DHARWAD,ಬಟಾಣಿ
170,PEAS JABALPUR,ಬಟಾಣಿ ಜಬಲ್ ಪುರ್
171,ASH PUMPKIN,ಬೂದುಗುಂಬಳ
172,PUMPKIN SWEET,ಸಿಹಿಕುಂಬಳ
173,PUMPKIN JAPAN,ಜಪಾನ್ ಸಿಹಿಕುಂಬಳ
174,POTATO MEDIUM,ಆಲೂಗಡ್ಡೆ
175,POTATO BIG,ಆಲೂಗಡ್ಡೆ ದೊಡ್ಡದು
176,POTATO SMALL,ಆಲೂಗಡ್ಡೆ ಸಣ್ಣದು
177,POTATO BABY,ಆಲೂಗಡ್ಡೆ ಬೇಬಿ
178,SWEET POTATO,ಗೆಣಸು
179,RADDISH,ಮೂಲಂಗಿ
180,RADDISH - RED,ಮೂಲಂಗಿ ಕೆಂಪು
181,SPONGE GOURD,ಹೀರೇಕಾಯಿ
182,SNAKE GOURD,ಪಡವಲಕಾಯಿ
183,SNAKE SMALL,ಪಡವಲಕಾಯಿ ಚಿಕ್ಕದು
184,SHAM GADDE,ಶಾಮಗಡ್ಡೆ
185,SPRING ONION,ಸ್ಪ್ರಿಂಗ್ ಆನಿಯನ್
186,SPRING ONION CLEANED,ಸ್ವಚ್ಛವಾದ ಎಳಸು ಈರುಳ್ಳಿ
187,CORN,ಸ್ವೀಟ್‍ಕಾರನ್
188,SWEET CORN CLEANED,ಸ್ವೀಟ್‍ ಕಾರನ್ ಶುದ್ದವಾದ ಬೀಜ
189,SWEET CORN SEED SPOK,ಸ್ವೀಟ್ ಕಾರ್ನ್ ಸೀಡ್ ಸ್ಪೋಕ್
190,TOMATO,ಟೊಮೆಟೋ
191,THOGARIKAI,ತೊಗರಿಕಾಯಿ
192,MANGO RAW OMBLET,ಮ್ಯಾಂಗೋ ರಾ ಆಮ್ಲೆಟ್
193,MANGO RAW,ಮಾವಿನಕಾಯಿ
194,JUKUNI,ಜುಕುನಿ/ಪಾಕ್‍ಛಾಯಿ
195,BANANNA COOKING,ಅಡಿಗೆಬಾಳೆ
196,AVAREKAI,ಅವರೇಕಾಯಿ
197,AVAREBELE,ಅವರೇಬೇಳೆ
198,AVARE SEEDS,ಅವರೇ ಬೀಜಗಳು
199,BRUCOLI,ಬ್ರುಕೋಲಿ
200,KAKADI,ಕಾಕಡಿ
201,CORIONDER,ಕೊತ್ತಂಬರಿ ಸೊಪ್ಪು
202,CURRY LEAVES,ಕರಿಬೇವು
203,DHANTU,ದಂಟಿನ ಸೊಪ್ಪು
204,MINT,ಪುದೀನ
205,MENTHIYA,ಮೆಂತ್ಯ ಸೊಪ್ಪು
206,PALAK,ಪಾಲಾಕ್ ಸೊಪ್ಪು
207,PARVAL,ಪರ್ವಾಲ್
208,SABBAKKAI,ಸಬ್ಬಕ್ಕಿ ಸೊಪ್ಪು
209,MOLAKE KALU,ಕಾಳುಗಳು
210,HESARU KALU,ಮೊಳಕೆ ಹೆಸರುಕಾಳು
211,BATANI KALU,ಬಾಟಾಣಿ ಕಾಳು
212,BALE DINDU,ಬಾಳೆದಿಂಡು
213,BASALE GREENS,ಬಸಳೆಸೊಪ್ಪು
214,GARLIC 100 GRAM BOX,ಬೆಳ್ಳುಳ್ಳಿ 100 ಗ್ರಾಂ ಬಾಕ್ಸ್
215,GARLIC,ಬೆಳ್ಳುಳ್ಳಿ
216,GARLIC CLEANED,ಬೆಳ್ಳುಳ್ಳಿ (ಬಿಡಿಸಿದ್ದು)
217,CHIKADI KAI,ಚಪ್ಪರದ ಅವರೆಕಾಯಿ
218,KNOL KHOL,ನವಿಲುಕೋಸು
219,AREVE GREEN,ಅರಿವೆ ಸೊಪ್ಪು
220,EGG,ಮೊಟ್ಟೆ ಒಂದಕ್ಕೆ
221,CHAKKOTA GREENS,ಚಕ್ಕೋತ ಸೊಪ್ಪು
222,APPLE NEWZEALAND GALA,ಸೇಬು ನ್ಯೂಜಿಲಾಂಡ್ ಗಾಲ
223,POTATO PACK,ಟಮೊಟೊ ಪ್ಯಾಕೆಟ್
224,chilk avera,ಚಿಲಕರಿವೆಸೊಪ್ಪು
225,COWPEA KAI,ಅಲಸಂದೆ ಕಾಯಿ
226,BABY CORN,ಬೇಬಿಕಾರನ್
227,BABY CORN CLEAN,ಬೇಬಿಕಾರನ್ (ಬಿಡಿಸಿದ್ದು)
228,Apple Ber,ಆ್ಯಪಲ್ ಬೇ್ರ್
229,BERRY GOLDEN,ಗೋಲ್ಡನ್ ಬೆರಿ
230,Onion cleaned,ಈರುಳ್ಳಿ ಬಿಡಿಸಿದ್ದು
231,OOTY BERRY,ಊಟಿ ಬೆರಿ
232,SANDOWS GREEN BERRY,ಸಂದೌಸ್ ಗ್ರೀನ್ ಬೆರಿ
233,BERRY SOFT,ಬೆರಿ ಸಾಫ್ಟ್
234,GREEN BERRY,ಬೆರಿ ಡೆಲ್ಲಿ
235,Maize,ಮುಸಕಿನ ಜೋಳ
236,CHERRY FRUIT 100 gram,ಚೆರ್ರಿ ಫ್ರೂಟ್ 100 ಗ್ರಾಂ
237,CHERRY KASHMIR,ಚೆರ್ರಿ ಕಾಶ್ಮೀರ
238,CASHEWNUT100 gram,ಗೋಡಂಬಿ ಬೀಜ 100 ಗ್ರಾಂ
239,DATES 200 GM,ಡೇಟ್ಸ್ 200 ಗ್ರಾಂ
240,KIMIA DATES,ಒಣಗಿದ ಡೇಟ್ಸ್
241,DATES SEEDLESS,ಬೀಜವಿಲ್ಲದ ಡೇಟ್ಸ್
242,DRY DATES 200 GM,ಒಣಗಿದ ಜಲ್ದರುಹಣ್ಣು
243,BADAMI 100 GM,ಒಣಗಿದ ಬಾದಾಮಿ 100 ಗ್ರಾಂ
244,DRY GRAPES 100GMS,ಒಣಗಿದ ದ್ರಾಕ್ಷಿ 100 ಗ್ರಾಂ
245,JELLY,ಜೆಲ್ಲಿ
246,SUGAR CANE RED AND BLACK,ಕಬ್ಬು ಕೆಂಪು ಮತ್ತು ಕಪ್ಪು
247,KF 2 litre,ಕೆ ಫ್ 2 ಲೀಟರ್
248,KIWI FRUIT,ಕಿವಿಫ್ರೂಟ್ಸ್
249,LITCHI LOCAL,ಸ್ಥಳೀಯ ಲಿಚಿ ಹಣ್ಣು
250,LITCHI THAIWAN / CHAINA,ಲಿಟ್ಚಿ ತೈವಾನ್/ ಚೈನಾ
251,STRAWBERRY BOX,ಸ್ಟ್ರಾಬೆರಿ ಬಾಕ್ಸ್
252,TENDER COCONUT,ಎಳೆಯ ತೆಂಗಿನಕಾಯಿ
253,Nectro Plus Honey 250 gm,ನೆಕ್ಟ್ರೋ ಪ್ಲಸ್ ಹನಿ 250 gm
254,CORRIANDER LEAVES NATI,ಕೊತಂಬರಿ ನಾಟಿ
255,TOMRIND SEEDLEES,ಹುಣಸೆ ಹಣ್ಣು (ಬೀ.ರ)
256,THINDA,ತಿಂಡ
257,DATES AREBIAN,ಡೇಟ್ಸ್ ಅರೇಬಿಯನ್
258,PISTA 100 gram,ಪಿಸ್ತಾ 100 ಗ್ರಾಂ
259,TENDER COCONUT SMALL,ಎಳನೀರು (ಸಣ್ಣ)
260,TENDER COCONUT PACKED,ಎಳೆಯ ತೆಂಗಿನಕಾಯಿ ಪ್ಯಾಕ್
261,FRUITJUICE THAILAND,ಫ್ರೂಟ್ ಜ್ಯೂಸು ಥೈಲ್ಯಾಂಡ್
262,GROUND NUT OIL NET RICE500M,ಕಡ್ಲೆ ಬೀಜದ ಎಣ್ಣೆ ನಿವ್ವಳ ಅಕ್ಕಿ 500 ಮಿಲಿ
263,GROUND NUT OIL 1LTR,ಕಡಲೆಕಾಯಿ ಹೆಣ್ಣೆ ೧ ಲಿಟೆರ್ಸ್
264,GROUND NUT PREMIUM 1LTR,ಕಡಲೆಕಾಯಿ ಪ್ರೀಮಿಯಂ ೧ ಲಿಟೆರ್ಸ್
265,GROUND NUT RICE BRON 1LTR,ಕಡಲೇಕಾಯಿ ಅಕ್ಕಿ ಬ್ರೊನ್ ೧ ಲಿಟೆರ್ಸ್
266,GROUND NUT OIL RICE 1LTR,ಕಡಲೆಕಾಯಿ ಹೆಣ್ಣೆ ಅಕ್ಕಿ ೧ ಲಿಟೆರ್ಸ್
267,SAFAL DEEP 1L OIL,ಸಫಾಲ್ ಡೀಪ್ ೧ ಲಿಟೆರ್ಸ್
268,GROUND NET GOLDEN G NUT1L,ಕಡಲೆಕಾಯಿ ಹೆಣ್ಣೆ ಸುವರ್ಣ ೧ ಲಿಟೆರ್ಸ್
269,GROUND NUT SUN GOLD 1LTR,ಕಡಲೆಕಾಯಿ ಸನ್ ಗೋಲ್ಡ್ ೧ ಲಿಟೆರ್ಸ್
270,RICE BRON 15LTS,ಅಕ್ಕಿ ಬ್ರೊನ್ 15 ಲಿಟೆರ್ಸ್
271,NISARGA PICKLES 500GMS,ನಿಸರ್ಗ ಉಪ್ಪಿನಕಾಯಿ 500 ಗ್ರಾಮ್
272,LIME PICKLE,ನಿಂಬೆ ಹಣ್ಣಿನ ಉಪ್ಪಿನಕಾಯಿ
273,Nisarga Pickles 300 gm,ನಿಸರ್ಗ ಉಪ್ಪಿನಕಾಯಿ 300 ಗ್ರಾಮ್
274,MIXED VEGETABLES PICKLE,ತರಕಾರಿಯ ಮಿಶ್ರಣ ಉಪ್ಪಿನಕಾಯಿ
275,TAMRIND PASTE 150GM,ಹುಣಸೆಹಣ್ಣು ಪೇಸ್ಟ್ 150 ಗ್ರಾಮ್
276,RICE BRON OIL 5LTR,ಅಕ್ಕಿ ಬ್ರೊನ್ ಹೆಣ 5 ಲಿಟೆರ್ಸ್
277,SUN SAFAL 500ML,ಸನ್ ಸಫಾಲ್ 500 ಮಿಲಿ
278,GROUND NUT OIL 5LTR,ಕಡಲೆಕಾಯಿ ಹೆಣ್ಣೆ 5 ಲಿಟೆರ್ಸ್
279,SAFAL DEEP 500ML,ಸಫಾಲ್ ಡೀಪ್ 500 ಮಿಲಿ
280,TAMRIND PEAST 400GM,ಹುಣಸೆ ಹಣ್ಣು ಪೇಸ್ಟ್ 454ಗ್ರಾಂ
281,SUN SAFAL 1 TIN 15LTS,ಸನ್ ಸಫಾಲ್ 1 ಟಿನ್ 15 ಲಿಟೆರ್ಸ್
282,SUN GOLD 5LTS,ಸನ್ ಗೋಲ್ಡ್ 5 ಲಿಟೆರ್ಸ್
283,Tharaguni kai,ತರಗುಣಿ ಕಾಯಿ
284,APPLE NEWZEALAND,ಸೇಬು ನ್ಯೂಜಿಲ್ಯಾಂಡ್
285,COCONUT OIL 500ML,ಕೊಬ್ಬರಿ ಹೆಣ್ಣೆ 500 ಮಿಲಿ
286,SWAGATH JAM 1KG,ಸ್ವಾಗತ್ ಜಾಮ್ 1 ಕೆಜಿ
287,JAM 500GM,ಜಾಮ್ 500 ಗ್ರಾಮ್
288,PEPAR 200GM,ಪೇಪರ್ 200 ಗ್ರಾಮ್
289,PEPAR 100GM,ಪೇಪರ್ 100 ಗ್ರಾಮ್
290,PROCEED FAND 290,ಪ್ರೋಸಿಡ್ ಫಂಡ್ 290
291,CHOCOLATES DRINK -1,ಚಾಕಲೇಟ್ಸ ಡ್ರಿಂಕ್ಸ್ -1
292,CARRY BAG,ಕ್ಯಾರಿ ಬ್ಯಾಗ್
293,COPRA,ಒಣಕೊಬ್ಬರಿ
298,Gulkan 1 KG,ಗುಲ್ಕನ್
299,CARREY BAG BIG,ಚೆರಿ ಬ್ಯಾಗ್ ದೊಡ್ಡದು
300,Gulkan 500 GMS,ಗುಲ್ಕನ್ 500 ಗ್ರಾಮ್ಸ್
301,BRAZIL RED LETIES,ಬ್ರೇಜಿಲ್ ರೆಡ್ ಲೆಟಿಸ್
302,CUCUMBER WHITE,ಸೌತೆಕಾಯಿ ಬಿಳಿ
303,BANANA LEAVES,ಬಾಳೆಎಲೆಗಳು
304,SWEET CORN SEED BOIL,ಸಿಹಿಯಾದ ಬಿಸಿ ಜೋಳದ ಬೀಜ
305,BALE HOOVU,ಬಾಳೆ ಹೂವು
306,LETTEUS,ಐಸ್‍ಬರ್ಗ್‍ಲೆಟ್ಯೂಸ್
307,ONION FLOWER,ಇರುಳ್ಳಿ ಹೂವು
308,BERRY CHINA,ಬೆರಿ ಚೀನಾ
309,SUGAR BANANA,ಸಕ್ಕರೆ ಬಾಳೆಹಣ್ಣು
310,CORN MIZE PACK,ಜೋಳದ ಪ್ಯಾಕ್
311,BYALADHA HANNU,ಬ್ಯಾಲದ ಹಣ್ಣು
312,Apple premium,ಆಪಲ್ ಪ್ರೀಮಿಯಂ
313,Onion white,ಈರುಳ್ಳಿ ಬಿಳಿದು
314,Chikadikai Round,ಚಿಕದಿಕೈ ರೌಂಡ್
315,APPLE KINNOR,ಸೇಬು ಕಿನೂರ್
316,SOUTH AFRICA GALA APPLE,ಸೌತ್ ಆಫ್ರಿಕಾ ಗಾಲ ಆಪಲ್
317,Selari,ಸೆಲರಿ
318,Leeks,ಲೀಕ್ಸ್
319,Parsle,ಪರ್ಸ್ಲೆ
320,Litchi Punjab,ಲಿತ್ಚಿ ಪಂಜಾಬ್
321,On Juice Pine Apple 1Lts,ಆನ್ ಅನಾನಾಸ್ ಜ್ಯೂಸು 1 ಲಿಟೆರ್ಸ್
322,Pineapple Juice,ಅನಾನಾಸ್ ಜ್ಯೂಸು
323,On Juice Cherry Berry 1Lts,ಆನ್ ಜ್ಯೂಸು ಚೆರ್ರಿ ಬೆರಿ 1 ಲಿ
324,Iran Dates,ಇರಾನ್ ಡೇಟ್ಸ್
325,Orange Juice,ಕಿತ್ತಳೆ ಜ್ಯೂಸು
326,Chikkadikai Cleaned,ಸ್ವಚ್ಛವಾದ ಚಿಕ್ಕದಿಕಾಯಿ
327,Grapes Tash ganesh,ಗ್ರೇಪ್ಸ್ ತಾಶ್ ಗಣೇಶ್
328,Rose berry,ಟೈಮ್ಸ್ ರೋಜ್ ಬೆರಿ
329,Washington Gala Apple,ವಾಷಿಂಗ್ಟನ್ ಗಾಲ ಆಪಲ್
330,Green chillies small cleaned,ಸ್ವಚ್ಛವಾದ ಹಸಿರು ಮೆಣಸಿನಕಾಯಿ ಚಿಕ್ಕದು
331,MANGO Alfhans Box,ಮ್ಯಾಂಗೋ ಆಲ್ಪನ್ಸ್ ಬಾಕ್ಸ್
332,Swagath 879 ml,ಸ್ವಾಗತ್ 879 ಮಿಲಿ
333,Sweet melon Laknow,ಸ್ವೀಟ್ ಕಲ್ಲಂಗಡಿ ಲಕ್ನೌ
334,Netrich 5 Lts,ನೆಟ್ರಿಚ್ 5 ಲಿಟೆರ್ಸ್
335,Newzealand royal gala apple,ನ್ಯೂಜಿಲೆಂಡ್ ಗಾಲಾ ಸೇಬು
336,KADAPA WATER MELON,ಕಡಪ ಕಲ್ಲಂಗಡಿ ಹಣ್ಣು
337,KADAPA WATER MELON,ಪನೀರ್ ಹಣ್ಣು
338,PANNEER WHITE,ಪನೀರ್ ಬಿಳಿ
339,NISARGA PICKLES 200GMS,ನಿಸರ್ಗ ಉಪ್ಪಿನಕಾಯಿ 500 ಗ್ರಾಮ್ಸ್
340,PICKELS 200 GM,ಉಪ್ಪಿನಕಾಯ 200 ಗ್ರಾಮ್ಸ್
341,PICKLES 500 Gram,ಉಪ್ಪಿನಕಾಯಿ 500 ಗ್ರಾಂ
342,NISARGA PICKLES 5KG,ನಿಸರ್ಗ ಉಪ್ಪಿನಕಾಯಿ 5 ಕೆ ಜಿ
343,PICKLES 1KG,ಉಪ್ಪಿನಕಾಯಿ 1 ಕೆ ಜಿ
344,Paper Boat 250ML,ಕಿತ್ತಳೆ ಜ್ಯೂಸು 1 ಲಿಟೆರ್ಸ್
345,On Juice Orange 1Lts,ಜ್ಯೂಸು ಕಿತ್ತಳೆ 1 ಲಿಟೆರ್ಸ್
346,Bnatrual Pomegranate 200ML,ಭ್ನತ್ರುಅಲ್ ಪೋಮೆಗ್ರನತೆ 200 ಮಿಲಿ
347,PAPER BOAT POMEGRANATE,ಆಶ್ಗುಅರ್ದ್ ಜ್ಯೂಸು 200 ಮಿಲಿ
348,MANGO NATI,ಚಿಲ್ಲೆಸ್ ಆಪಲ್
349,MANGAO ROMANIYA,ಮಂಗೋ ರೊಮಾನಿಯ
350,MANGO ROMANIA Raw,MANGO ROMANIA Raw
351,Romaton,ಕಿತ್ತಳೆ ಟರ್ಕಿ
352,Thothapuri Red,ತೋತಾಪುರಿ ಕೆಂಪು
353,Egg Fruit,ಕಾರ್ಜುರ ಲೈನ
354,Tendor Coconut(Bottle,Tendor Coconut(Bottle
355,Neelam Periculam,ನೀಲಂ (ಪೆರಿಕುಲಂ) ಮಾವು
356,Dates Fruit,ಡೇಟ್ಸ್ ಹಣ್ಣು
357,Naspathi berry,ನಾಸ್ಪತಿ ಬೇರಿ
358,Orange Kino,ಕಿತ್ತಳೆ ಕೀನೊ
359,South Africa chakotha,ಸೌತ್ ಅಫ್ರಿಕಾ ಚಕೋತ
360,Fashion Fruit,ಫ್ಯಾಷನ್ ಹಣ್ಣು
361,BABYCORN CLEANED BOX,ಬೇಬಿಕಾರನ್ (ಬಿಡಿಸಿದ್ದು ಬಾಕ್ಸ್)
362,MANGO LANGADA,ಮಾವು ಲಂಗಡ
363,Mosambi Medium,ಮೂಸಂಬಿ ಮಧ್ಯಮ
364,APPLE ITALY VARIETY,ಸೇಬು ಸಿಮ್ಲಾ ಟೈಡ್ ಮ್ಯಾನ್
365,Misery Apple,ಮಿಸ್ರೆ ಆಪಲ್
366,Onion,ಈರುಳ್ಳಿ
367,Tomato Nati,ಟಮೋಟೊ ನಾಟಿ
368,ONION BIG,ಈರುಳ್ಳಿ ದಪ್ಪ
369,Chaina Delicious,ಚೈನಾ ರುಚಿಕರವಾದ
370,APPLE ITALY,ಆಪಲ್ ಇಟಲಿ
371,Grapes sonaka super Box,ದ್ರಾಕ್ಷಿ ಸೋನಾಕ ಸೂಪರ್ ಬಾಕ್ಸ್
372,Green Apple,ಗ್ರೀನ್ ಸೇಬು
373,Chakadikai Round,ಚಕದಿಕೈ ರೌಂಡ್
374,CHAINA VARIETY APPLE,ಚೈನಾ ವೆರೈಟಿ ಆಪಲ್
375,POTATO AGHERA,ಆಲೂಗಡ್ಡೆ ಅಗ್ಹೆರ
376,Yellenne,ಎಳ್ಳೆಣ್ಣೆ
377,DRY ANJURA 100 gram,ಒಣಗಿದ ಅಂಜೂರ 100 ಗ್ರಾಂ
378,Premium 1Ltr,ಪ್ರೀಮಿಯಂ 1 ಲೀ
379,Orange Polo,ಆರೆಂಜ್ ಪೊಲೂ
380,DATES(Bunch),ಖಜೂರ(ಗೋಂಚಲು)
381,NATI CORIONDER,ನಾಟಿ ಕಾರಿಒಂದೆರ್
382,Peas Local,ಸ್ಥಳೀಯ ಅವರೆಕಾಳು
383,Orange Economey,ಆರೆಂಜ್ ಎಕಾನೋಮೆಯ್
384,On Juice PomeGrante 1Lts,ಆನ್ ಜ್ಯೂಸು ದಾಳಿಂಬೆ 1 Lts
385,SWAGATH JAM 500 GMS,ಸ್ವಾಗತ್ ಜಾಮ್ 500 ಗ್ರಾಮ್ಸ್
386,JALJEERA JUICE,ಅಮೇರಿಕಾ ಸಾಫ್ಟ್ ಬೆರ್ರಿ
387,Sun Lucknow Melon,ಅಸ್ಸಾಂ ಸರಸು
388,Chikkadikai Belt,ಚಿಕ್ಕದಿಕಾಯಿ ಬೆಲ್ಟ್
389,Mango Jelly Taiwan 100ML,ಮ್ಯಾಂಗೋ ಜೆಲ್ಲಿ ತೈವಾನ್ 100 ಮಿಲಿ
390,Tamrind,ಹುಣಸೆ ಹಣ್ಣು
391,Mango Badami,ಮ್ಯಾಂಗೋ ಬಾದಾಮಿ
392,THOTHAPURI,ತೋತಪುರಿ
393,Perimum 5 Litre,ಪ್ರೀಮಿಯಂ 5 ಲಿಟೆರ್ಸ್
394,Mango Malagova (M),ಮ್ಯಾಂಗೋ ಮಲಗೋವ (ಮಧ್ಯಮ)
395,Amatikai,ಅಮಟೆಕಾಯಿ
396,Jammu narale fruit,ಜಂಬುನೇರಳೆ
397,Perimum 5Litre,ಪ್ರೀಮಿಯಂ 5 ಲಿಟೆರ್ಸ್
398,Cherry fruits,ಚರಿ ಪ್ರೊಟ್ಸ್
399,Nisarga Honey 1KG,ನೀಸರ್ಗ ಜೇನುತುಪ್ಪ 1 ಕೆ ಜಿ
400,Nisarga Honey 500GM,ನೀಸರ್ಗ ಜೇನುತುಪ್ಪ 500 ಗ್ರಾಮ್ಸ್
401,Nisarga Honey 200GM,ನೀಸರ್ಗಜೇನುತುಪ್ಪ 200 ಗ್ರಾಮ್ಸ್
402,Nisarga Honey 100GM,ನೀಸರ್ಗ ಜೇನುತುಪ್ಪ 100 ಗ್ರಾಮ್ಸ್
403,Kashmir Nakh Berry,ಕಾಶ್ಮೀರ್ ನಾಕ್ ಬೇರಿ
404,saft berry U.S.A,ಸಾಪ್ಟ್ ಬೇರಿ ಯು.ಸ್.ಎ
405,Kashmir Kabul Varitey,ಕರಿಬೇವು ಬಿಡಿಸಿದ್ಧು
406,Kashmir Gulkan 1KG,ಕಾಶ್ಮೀರ ಗುಲ್ಕನ್ 1 ಕೆ ಜಿ
407,Kashmir Gulkan 500GMS,ಕಾಶ್ಮೀರ ಗುಲ್ಕನ್ 500 ಗ್ರಾಮ್ಸ್
408,Gulkan 250 GMS,ಗುಲ್ಕನ್ 250 ಗ್ರಾಮ್ಸ್
409,TAMRIND PASTE 227GMS,ಹುಣಸೆಹಣ್ಣಿನ ಪೇಸ್ಟ್ 227 ಗ್ರಾಮ್ಸ್
410,BIJI CHILLI UGIN,ಸಾಂಬಾರ್ ಈರುಳ್ಳಿ ಬಿಡಿಸಿದ್ಧು
411,KF 1litre,ಕೆ ಫ್
412,Mixed Juice,ಮಿಕ್ಸ್ ಜ್ಯೂಸು
413,On Juice Guava 1Lts,ಜ್ಯೂಸು ಗುವ 1 ಲಿಟೆರ್ಸ್
414,American Misery Apple,ಅಮೆರಿಕನ್ ಮಿಸ್ರೆ ಆಪಲ್
415,PERIMIUM 15LTRS,ಪ್ರೀಮಿಯಂ 15 ಲಿಟೆರ್ಸ್
416,BANANA(Buda),ಬಾಳೆ (ಬೂದ)
417,Chaina Red Delicious,ಚೈನಾ ರೆಡ್ ರುಚಿಕರವಾದ
418,Uttama bamul,ಉತ್ತಮ ಬಮುಲ್
419,Tin Juice,ಟಿನ್ ಜ್ಯೂಸು
420,THOGARIKAI SEEDS,ಶುದ್ದವಾದ ತೊಗರಿಕಾಯಿ
421,CHAKADIKAI ROUND CLEANED,ಶುದ್ದವಾದ ದುಂಡು ತೊಗರಿಕಾಯಿ
422,CHAINA VARIETY,ಚೈನಾ ವೆರೈಟಿ ಆಪಲ್
423,Shankaranthi mix 250GMS,ಶಂಕ್ರಾಂತಿ ಮಿಕ್ಸ್ 250 ಗ್ರಾಮ್ಸ್
424,Shankaranthi Sweets 100GMS,ಶಂಕ್ರಾಂತಿ ಸ್ವೀಟ್ಸ್ 100 ಗ್ರಾಮ್ಸ್
425,Shankaranthi Mix 500 mg,ಶಂಕ್ರಾಂತಿ ಮಿಕ್ಸ್ 500 ಮಿಲಿ ಗ್ರಾಂ
426,Thailand juice 100ML,ಥೈಲ್ಯಾಂಡ್ ಜ್ಯೂಸು 100 ಮಿಲಿ
427,Jack small,ಹಲಸಿನಕಾಯಿ
428,N Juice J,N ಜ್ಯೂಸು
429,N Juice,N ಜ್ಯೂಸು
430,Raw Jack Cleaned,ಹಸಿ ಜ್ಯಾಕ್ ಸ್ವಚ್ಛಗೊಳಿಸಬಹುದು
431,Amla Nakshratra,ಆಮ್ಲ ನಕ್ಷತ್ರ
432,SOMBAR ONION 100 GRAM BOX,ಸಾಂಬಾರ ಈರುಳ್ಳಿ 100 ಗ್ರಾಂ ಬಾಕ್ಸ್
433,CHAKKOTA,ಚಕೊತ ಹಣ್ಣು
434,Nil,ಇಲ್ಲ
435,Jack fruit packet,ಹಲಸಿನ ಹಣ್ಣಿನ ಪ್ಯಾಕೆಟ್
436,Sun Sweet melon,ಸನ್ ಕರ್ಬೂಜ
437,BEANS RING,ನುಗ್ಗೆಕಾಯಿ
438,AMLA STAR,ಆಮ್ಲ ನಕ್ಷತ್ರ
439,APPLE SIMLA ECONOMY POCKET,ಸಿಮ್ಲ ಆಪಲ್ ಎಕಾನಮಿ ಪಾಕೆಟ್
440,APPLE NEWZILAND,ಆಪಲ್ ನ್ಯೂಜಿಲ್ಯಾಂಡ್
441,ORANGE MALT,ಆರೆಂಜ್ ಮಾಲ್ಟ್
442,DRY GRAPES,ಒಣ ದ್ರಾಕ್ಷಿ
443,CASHEW NUT,ಕ್ಯಶ್ಯು ನಟ್
444,KING FISHER 1 LTR,ಕಿಂಗ್ಫಿಷರ್ 1 ಲಿಟರ್
445,BISLERI 2LTR,ಬಿಸ್ಲೆರಿ 2 ಲೀಟರ್
446,BISLERI 1LTR,ಬಿಸ್ಲೆರಿ 1 ಲೀಟರ್
447,BISLERI 5LTR,ಬಿಸ್ಲೆರಿ 5 ಲೀಟರ್
448,BISLERI 500ML,ಬಿಸ್ಲೆರಿ 500 ಎಮ್ ಎಲ್
449,HONEY NECTOFRESH 1KG,ಹನಿ ನೆಕ್ಟೋಫ್ರೆಶ್
450,HONEY NECTOFRESH 0.5KG,ಹನಿ ನೆಕ್ಟೋಫ್ರೆಶ್ 0.5 ಕೆಜಿ
451,HONEY NECTOFRESH 100 GM,ಹನಿ ನೆಕ್ಟೋಫ್ರೆಶ್ 100 ಗ್ರಾಂ
452,HONEY NECTOFRESH 200GM,ಹನಿ ನೆಕ್ಟೋಫ್ರೆಶ್ 200 ಗ್ರಾಂ
453,HONEY KARNATAKA EPIARIES 250 GM,ಹನಿ ಕರ್ನಾಟಕ ಎಪೈರಿಸ್ 250 ಗ್ರಾಂ
454,HONEY KARNATAKA EPIARIES 500 GM,ಹನಿ ಕರ್ನಾಟಕ ಎಪೈರಿಸ್ 500 ಗ್ರಾಂ
455,HONEY KARNATAKA EPIARIES 1 KG,ಹನಿ ಕರ್ನಾಟಕ ಎಪೈರಿಸ್ 1 ಕೆ ಜಿ
456,PICKLE LIME 200 GM,ಪಿಕಲ್ ಲೈಮ್ 200 ಗ್ರಾಂ
457,PICKLE LIME 500 GM,ಪಿಕಲ್ ಲೈಮ್ 500 ಗ್ರಾಂ
458,PICKLE APTEMADI 1 KG,ಪಿಕಲ್ ಅಪ್ಟೆಮಡಿ 1 ಕೆಜಿ
459,NECTOR FRESH HONEY 1 KG,ನೆಕ್ಟರ್ ಫ್ರೆಶ್ ಹನಿ 1 ಕೆಜಿ
460,NECTOR FRESH HONEY 500 GM,ನೆಕ್ಟರ್ ಫ್ರೆಶ್ ಹನಿ 500 ಗ್ರಾಂ
461,NECTOR FRESH HONEY 250 GM,ನೆಕ್ಟರ್ ಫ್ರೆಶ್ ಹನಿ 250 ಗ್ರಾಂ
462,NECTOR FRESH HONEY 100 GM,ನೆಕ್ಟರ್ ಫ್ರೆಶ್ ಹನಿ 100 ಗ್ರಾಂ
463,NECTOR FRESH HONEY 50 GM,ನೆಕ್ಟರ್ ಫ್ರೆಶ್ ಹನಿ 50 ಗ್ರಾಂ
464,NECTOR FRESH FOREST HONEY 500 GM,ನೆಕ್ಟರ್ ಫ್ರೆಶ್ ಫಾರೆಸ್ಟ್ 500 ಗ್ರಾಂ
465,NECTOR FRESH FOREST HONEY 200 GM,ನೆಕ್ಟರ್ ಫ್ರೆಶ್ ಫಾರೆಸ್ಟ್ 250 ಗ್ರಾಂ
466,WET DATES PACKET,ವೆಟ್ ಡೇಟ್ಸ್ ಪ್ಯಾಕೆಟ್
467,SHAVIGE,ಶಾವಿಗೆ
468,PASTE( GARLIC/ GINGER),ಗಾರ್ಲಿಕ್ / ಜಿಂಜರ್ ಪೇಸ್ಟ್
469,NERALE JUICE,ನೇರಳೇ ಜ್ಯೂಸ್
470,ON JUICE 200 ML,ಆನ್ ಜ್ಯೂಸ್ 200 ಎಮ್ ಎಲ್
471,JALJEERA JUICE 250 ML,ಜಲಜಿರಾ ಜ್ಯೂಸ್ 250 ಎಮ್ ಎಲ್
472,JALJEERA JUICE 1 LTR,ಜಲಜಿರಾ ಜ್ಯೂಸ್ 1 ಲೀಟರ್
473,BNATURAL 200 ML,ನ್ಯಾಚುರಲ್ 200 ಎಮ್ ಎಲ್
474,BNATURAL 200 ML BRAHMI,ನ್ಯಾಚುರಲ್ 200 ಎಮ್ ಎಲ್ ಬ್ಹ್ರಾಮಿ
475,PREMIUM 1 LTR,ಪ್ರೀಮಿಯಮ್ 1 ಲೀಟರ್
476,GROUNDNUT OIL 15LTR,ಗ್ರೌಂಡ್ನಟ್ ಆಯಿಲ್ 15 ಲೀಟರ್
477,UTTAM PALM OIL 15 LTR,ಉತ್ತಮ್ ಪಾಮ್ ಆಯಿಲ್ 15 ಲೀಟರ್
478,TENDER COCONUT 200 ML,ಟೆಂಡರ್ ಕೋಕನಟ್ ಆಯಿಲ್ 200 ಎಮ್ ಎಲ್
479,SUNGOLD 2 LTR,ಸನ್ ಗೋಲ್ಡ್ 2 ಲೀಟರ್
480,COCONUT OIL 1 LTR,ಕೋಕನಟ್ ಆಯಿಲ್ 1 ಲೀಟರ್
481,COCONUT OIL 100 GM,ಕೋಕನಟ್ ಆಯಿಲ್ 100 ಗ್ರಾಂ'
482,COCONUT OIL 1 kg,ಕೋಬ್ಬರಿ ಎಣ್ಣೆ ಆಯಿಲ್ 1 kg
483,MULTI MILLI NUTRI FLOOUR,ಮಲ್ಟಿ ಮಿಲ್ಲಿ ನ್ಯೂಟ್ರಿ ಫ್ಲೋರ್
484,POSHTIK ROTI MIX,ಪೋಶ್ಟಿಕ್ ರೋಟಿ ಮಿಕ್ಸ್
485,WHEAT NUTRI FLOUR,ವೀಟ್ ನ್ಯೂಟ್ರಿ ಪ್ಲೋರ್
486,Amul cool cafe,Amul cool cafe
487,RICE RICH,ರೈಸ್ ರಿಚ್
488,Amul can,Amul can
489,Amul true,Amul true
490,LITTLE MILLET (NAVANE),ಲಿಟಲ್ ಮಿಲ್ಲೆಟ್ ನವಣೆ
491,FOXTAIL MILLET( SAJJE),ಫಕ್ಸ್ಟೈಲ್ ಮಿಲ್ಲೆಟ್ ಸಜ್ಜೆ
492,HURULI KALU,ಹುರಳಿಕಾಳು
493,NAVANE HITTU 0.5 KG,ನವಣೆ ಹಿಟ್ಟು 0.5 ಕೆಜಿ
494,RICE ARKA 0.5,ರೈಸ್ ಅರ್ಕ 0.5
495,SAAME RICE 0.5 KG,ಸಾಮೆ ರೈಸ್ 0.5 ಕೆಜಿ
496,BARAGU RICE 0.5 KG,ಬರಗು ರೈಸ್ 0.5 ಕೆಜಿ
497,NAVANE RICE 0.5 KG,ನವಣೆ ರೈಸ್ 0.5 ಕೆಜಿ
498,HOODHALU 0.5 KG,ಹೋದಲು 0.5 ಕೆಜಿ
499,SAAME 1 Kg,ಕೊರ್ಲೆ ರೈಸ್ 1 ಕೆಜಿ
500,SAJJE 1 Kg,ಸಜ್ಜೆ ರೈಸ್ 1 ಕೆಜಿ
501,HUDHALU 1 KG,ಹುಡಲು ರೈಸ್ 1ಕೆಜಿ
502,MILLET MORNING HAMBLI 0.5 KG,ಮಿಲ್ಲೆಟ್ ಮೋರ್ನಿಂಗ್ ಅಂಬಳಿ 0.5 ಕೆಜಿ
503,NAVANE HITTU 1 KG,ನವಣೆ ಹಿಟ್ಟು 1 ಕೆಜಿ
504,INST. RAVA IDLI MIX 500 GM,ಇನ್ ರವ ಎಡ್ಲಿ ಮಿಕ್ಸ್ 500 ಗ್ರಾಂ
505,INST PLAIN UPMA MIX 170 GM,ಇನ್ ಪ್ಲೆನ್ ಉಪ್ಮ ಮಿಕ್ಸ್ 170 ಗ್ರಾಂ
506,INST GULAB JAMUN MIX 200 GM,ಎನ್ ಗುಲಾಬ್ ಜಾಮುನ್ ಮಿಕ್ಸ್ 200 ಗ್ರಾಂ
507,INST VERMICELLI PAYASAM MIX 180 GM,ಇನ್ ವರ್ಮಿಸೆಲ್ಲಿ ಪಾಯಸಮ್ ಮಿಕ್ಸ್ 180 ಗ್ರಾಂ
508,INST BADAM DRINK MIX 12 GM,ಇನ್ ಬಾದಮ್ ಡ್ರಿಂಕ್ ಮಿಕ್ಸ್ 12 ಗ್ರಾಂ
509,INST BADAM DRINK MIX 100 GM,ಇನ್ ಬಾದಮ್ ಡ್ರಿಂಕ್ ಮಿಕ್ಸ್ 100 ಗ್ರಾಂ
510,INST BADAM DRINK 200 GM,ಇನ್ ಬಾದಮ್ ಡ್ರಿಂಕ್ 200 ಗ್ರಾಂ
511,RASAGOLLA 120 GM,ರಸಗುಲ್ಲ 120 ಗ್ರಾಂ
512,GULAB JAMUN PORTION PACK 100 GM,ಗುಲಾಬ್ ಜಮುನ್ ಪೋಶನ್ ಪ್ಯಾಕ್ 100 ಗ್ರಾಂ
513,RASMALAI PORTION PACK 100 GM,ರಸಮಲೈ ಪೋಶನ್ ಪ್ಯಾಕ್ 100 ಗ್ರಾಂ
514,BASUNDI PORTION PACK 100 GM,ಬಸುಂಡಿ ಪೋಶನ್ ಪ್ಯಾಕ್ 100 ಗ್ರಾಂ
515,Butter fruits (S)l,ಬೆಣ್ಣೆ ಹಣ್ಣು ಸಣ್ಣ
516,SPICY POWDERS,ಸ್ಪೈಸಿ ಪೌಡರ್ಸ್
517,PILIOGARE POWDER 35 GM,ಪುಲಿಯೋಗರೆ ಪೌಡರ್ 35 ಗ್ರಾಂ
518,PILIOGARE POWDER 100 GM,ಪುಲಿಯೋಗರೆ ಪೌಡರ್ 100 ಗ್ರಾಂ
519,PILIOGARE POWDER 200 GM,ಪುಲಿಯೋಗರೆ ಪೌಡರ್ 200 ಗ್ರಾಂ
520,VANGI BATH 20 GM,ವಾಂಗಿ ಬಾತ್ 20 ಗ್ರಾಂ
521,VANGI BATH 100 GM,ವಾಂಗಿ ಬಾತ್ 100 ಗ್ರಾಂ
522,VANGI BATH 200 GM,ವಾಂಗಿ ಬಾತ್ 200 ಗ್ರಾಂ
523,CHUTNEY POWDER 100G,ಚಟ್ನಿ ಪೌಡರ್ 100 ಗ್ರಾಂ
524,CHUTNEY POWDER 200G,ಚಟ್ನಿ ಪೌಡರ್ 200 ಗ್ರಾಂ
525,SAMBAR POWDER 20G,ಸಾಂಬಾರ್ ಪೌಡರ್ 20 ಗ್ರಾಂ
526,SAMBAR POWDER 100G,ಸಾಂಬಾರ್ ಪೌಡರ್ 100 ಗ್ರಾಂ
527,SAMBAR POWDER 200G,ಸಾಂಬಾರ್ ಪೌಡರ್ 200 ಗ್ರಾಂ
528,BISIBELE MASALA 20G,ಬಿಸಿಬೇಲೆ ಮಸಾಲ 20 ಗ್ರಾಂ
529,BISIBELE MASALA 100G,ಬಿಸಿಬೇಲೆ ಮಸಾಲ 100 ಗ್ರಾಂ
530,VERMICELLI 400G,ವರ್ಮಿಸೆಲ್ಲಿ 400 ಗ್ರಾಂ
531,PICKLES POUCH,ಪಿಕಲ್ಸ್ ಪೌಚಹ
532,MANGO PICKLE SLICED POUCH,ಮ್ಯಾಂಗೊ ಪಿಕಲ್ ಸ್ಲೈಸ್ ಪೌಚ್
533,LIME PICKLE SLICED POUCH,ಲೈಮ್ ಪಿಕಲ್ ಸ್ಲೈಸ್ ಪೌಚ್
534,MIXEDVEGETABLES PICKLE SLICED POUCH,ಮಿಕ್ಸ್ಡ್ ವೆಜಿಟೆಬಲ್ಸ್ ಪಿಕಲ್ ಸ್ಲೈಸ್ ಪೌಚ್
535,MTR SNACKS UP,ಎಮ್ ಟಿ ಆರ್ ಸ್ಯಾಕ್ಸ್ ಅಪ್
536,HOPCOMS WATER 0.5 LTR,ಹಾಪ್ ಕಾಮ್ಸ್ ವಾಟರ್ 0.5 ಲೀಟರ್
537,HOPCOMS WATER 1 LTR,ಹಾಪ್ ಕಾಮ್ಸ್ ವಾಟರ್ 1 ಲೀಟರ್
538,HOPCOMS WATER 2 LTR,ಹಾಪ್ ಕಾಮ್ಸ್ ವಾಟರ್ 2 ಲೀಟರ್
539,GEMSIP 200 ML,ಜೇಮ್ ಸಿಪ್ 200 ಎಂ ಎಲ್
540,Banana pseudostem juice 300 ml,Banana pseudostem juice 300 ml
541,POUSHTIK ROTI MIX 0.5 KG,ಪೌಷ್ಟಿಕ್ ರೋಟಿ ಮಿಕ್ಸ್ 0.5 ಕೆ.ಜಿ
542,HOODALU,ಹೂಧಾಳು 1 ಕೆ.ಜಿ
543,PARSIMAN,ಪಾರ್ಸಿ ಮ್ಯಾನ್
544,MANGO STIN,ಮ್ಯಾಂಗೊಸ್ಟಿನ್
545,MORNING HAMBLI,ಮಾರ್ನಿಂಗ್ ಹಂಬಲಿ
546,TROPICANA JUICE,ಟ್ರೋಪಿಕಾನ ಜ್ಯೂಸು
547,COCOJAL,ಕೋಕೋ ಜಲ್
548,LASSI,ಲಸ್ಸಿ
549,BADAMI MILK,ಬಾದಾಮಿ ಮಿಲ್ಕ್
550,BUTTER MILK,ಬಟರ್ ಮಿಲ್ಕ್
551,Amul kadai bottle,Amul kadai bottle
552,Aura chikki bar,Aura chikki bar
553,Aura Chikki Bar,Aura Chikki Bar
554,Chokkottha soppu,ಚಕೋತಾ ಸೊಪ್ಪು
555,Painapal (Shirasi),ಅನಾನಸ್ (ಶಿರಸಿ)
556,CUSTORD APPLE RAM,ರಾಮ ಸೀತಫಲ
557,APPLE TURKI (Puji),ಆಪಲ್ ಟಕಿ (ಪೂಜಿ)
558,HALASINA KAI,ಹಲಸಿನ ಕಾಯಿ
559,SWEET JEERA,ಸಿಹಿ ಜೀರಿಗೆ
560,ORANGE GRADE II,ಕಿತ್ತಳೆ ಗ್ರೇಡ್ II
561,POME GRANTE BHAGVA SMALL,ಧಾಳಿಂಬೆ ಭಾಗ್ವ ಸಣ್ಣ
562,Bread fruit/JACK FRUIT RAW,ಬ್ರೇಡ್ ಪ್ರೋಟ್ /ಹಲಸಿನಕಾಯಿ
563,MIXED CUT VEGITABLE BOX,ಕತ್ತರಿಸಿದ ತರಕಾರಿ ಮಿಕ್ಸ್ ಬಾಕ್ಸ್
564,WET PEA BOX,ಹಸಿ ಬಟಾಣಿ ಬಾಕ್ಸ್
565,YELLU BELLA MIX 1 kg,ಎಳ್ಳು ಬೆಲ್ಲ ಮಿಕ್ಸ್ 1 kg
566,WET KASURI,ಸಿಹಿ ಕಸುರಿ
567,SWEETJIRIGE,ಸಿಹಿ ಜಿರಿಗೆ
568,YELANEERU BIG,ಎಳನೀರು ದಪ್ಪ
571,Bore fruits big,ಬೋರೆ ಹಣ್ಣು ದಪ್ಪ
572,TOMATO MEDIUM,ಟೊಮೇಟೊ ಮಧ್ಯಮ
573,ROW MANGO SAKKAREGUTTI,ಸಕ್ಕರೆಗುತ್ತಿ ಮಾವು
574,SENDURA RAW MANGO,ಸೆಂದೂರ ರಾ ಆಪಲ್
575,APPLE FRANCE,ಆಪಲ್ ಫ್ರಾನ್ಸ್
576,APPLE POLAND,ಆಪಲ್ ಪೋಲೆಂಡ್
577,GRAPES WASHIGHTON RED GLOB,ದ್ರಾಕ್ಷಿ ವಾಷಿಂಗಟನ್ ರೆಡ್ ಗ್ಲೊಬ್
578,GRAPES INDIAN BLACK RED GLOB,ದ್ರಾಕ್ಷಿ ಇಂಡಿಯನ್ ಬ್ಲಾಕ್ ರೆಡ್ ಗ್ಲೊಬ್
579,GRAPES SONAKA SUPER,ದ್ರಾಕ್ಷಿ ಸೋನಾಕಾ ಸೂಪರ್
580,GRAPES KRISHNA SHARAD SUPER,ದ್ರಾಕ್ಷಿ ಕೃಷ್ಣ ಶರದ್ ಸೂಪರ್
581,SWEET MELON SUN,ಸನ್ ಕರಬೂಜ
582,ROW MANGO BYGANAPALLI,ಬೈಗಾನಪಲ್ಲಿ ಕಾಯಿ
583,ROW MANGO KALAPADU,ಕಾಲಪಾಡು ಮಾವು
584,ROW MANGO DASARI,ದಸರಿ ಮಾವಿನಹಣ್ಣು
585,LUSON GREENS,ಲೂಸನ್ ಸೊಪ್ಪು
586,COCONUT OIL,ಕೊಬ್ಬರಿ ಎಣ್ಣೆ
587,ICE BURG,ಐಸ್ ಬಾಗ್
588,ROW MANGO RASAPURI,ರಸಪುರಿ ಮಾವಿನಕಾಯಿ
589,ROW MANGO MALLIKA,ಮಲ್ಲಿಕಾ ಕಾಯಿ
590,ROW MANGO BADAMI,ಬಾದಾಮಿ ಮಾವಿನಕಾಯಿ
591,ROW MANGO MALAGOVA,ಮಲಗೂವ ಮಾವಿನಕಾಯಿ
592,ROW MANGO NATI,ನಾಟಿ ಮಾವಿನ ಕಾಯಿ
593,JUMBO NERALE,ಜಂಬೂ ನೆರಳೆ
594,JACK FRUITS BOX,ಹಲಸಿನ ಹಣ್ಣು ಬಾಕ್ಸ್
595,APPLE BELGIUM,ಸೇಬು ಬೆಲ್ಜಿಯಂ
596,MOSAMBI NEW,ಮೋಸಂಬಿ ಹೂಸದು
597,TAMILNADU BANANA,ತಮಿಳುನಾಡು ಬಾಳೆ
598,POTATO (LOCAL),ಆಲೂಗೆಡ್ಡೆ
599,LECCHI,ಲಿಚ್ಛಿ
600,APPLE ROSE,ಸೇಬು ರೋಸ್
601,APPLE CHILLI,ಸೇಬು ಚಿಲ್ಲಿ
602,KASHMIR CHERRY,ಕಾಶ್ಮಿರ್ ಚರ್ರಿ
603,MANGO PERIKULAM,ಮಾವಿ ಪರಿಕುಲಂ
604,GAJ LIME,ಗಜ ನಿಂಬೆ
605,GOLDEN APPLE,ಗೋಲ್ಡನ್ ಸೇಬು
606,DATES,ಖರ್ಜೂರ
607,Peeches,ಪೀಚಸ್
608,CORN (Local),ಮೂಸಕಿನ ಜೋಳ
609,Gold winner 1 Lt,ಗೋಲ್ದ್ ವಿನ್ನರ್
610,Gold winner 5 Lt,ಗೋಲ್ದ್ ವಿನ್ನರ್ 5 ಲೀಟರ್
611,Hajrath palli apple,ಸೇಬು ಹಜರತ್ ಪಲ್ಲಿ
612,kobbari hannu,ಕೊಬ್ಬರಿ ಹಣ್ಣು
613,MANGO DASARI,ದಸರಿ ಯು.ಪಿ
614,Bitrot Oty,ಬಿಟ್ ರೂಟ್ ಊಟಿ
615,Nurti Life 1 No 200gram,ನ್ಯೂಟ್ರಿ ಲೆಫ್ 1 ನಂ 200 ಗ್ರಾಂ
616,GRPES TS,ದ್ರಾಕ್ಷಿ ಟಿ.ಎಸ್.
617,APPLE RED GOLD,ಸೇಬು ರೆಡ್ ಗೋಲ್ಡ್
618,Newtry live Juice 200 grm,ನ್ಯೊಟ್ರಿ ಲೆ ಜ್ಯೂಸ್ 200 ಗ್ರಾಮ್
619,Aarka,ಆರ್ಕ
620,Saame,ಸಾಮೆ
621,Baragu,ಬರಗು
622,Udlu,ಉದ್ಲು
623,Navane,ನವಣೆ
624,Raagi hittu,ರಾಗಿ ಹಿಟ್ಟು
625,Sajje,ಸಜ್ಜೆ
626,Morning amlee,ಮಾರ್ನಿಂಗ್ ಅಮ್ಲಿ
627,Poustik rotti,ಪೌಸ್ಟಿಕ್ ರೊಟ್ಟಿ
628,Navane uppittu,ನವಣೆ ಉಪ್ಪಿಟ್ಟು
629,Maize Neutririch,ಮೈಜ್ ನ್ಯೂಟ್ರಿಚ್
630,Multi milit,ಮಲ್ಟಿ ಮಿಲಿಟ್
631,Raagi multi green,ರಾಗಿ ಮಲ್ಟಿ ಗ್ರೀನ್
632,Navane hittu,ನವಣೆ ಹಿಟ್ಟು
633,Jolada hittu,ಜೋಲದ ಹಿಟ್ಟು
634,Sajje hittu,ಸಜ್ಜೆ ಹಿಟ್ಟು
635,Health drinks 100g,ಹೆಲ್ತ್ ಡ್ರಿಂಕ್ಸ್ 100ಗ್ರಾಂ
636,Dose & Edli hittu 200 g,ದೋಸೆ & ಇಡ್ಲಿ ಹಿಟ್ಟು 200ಗ್ರಾಂ
637,Dose & Edli hittu 400 g,ದೋಸೆ & ಇಡ್ಲಿ ಹಿಟ್ಟು 400ಗ್ರಾಂ
638,Finger milit dose 400 g,ಫಿಂಗರ್ ಮಿಲಿಟ್ ದೋಸೆ 400ಗ್ರಾಂ
639,Finger milit edli 400 g,ಫಿಂಗರ್ ಮಿಲಿಟ್ ಇಡ್ಲಿ 400ಗ್ರಾಂ
640,milit box 900 g,ಮಿಲಿಟ್ ಬಾಕ್ಸ್ 900 ಗ್ರಾಂ
641,water 500 ml,ವಾಟರ್ 500 ಎಮ್ ಎಲ್
642,water 1 ltr,ವಾಟರ್ 1 ಲಿಟರ್
643,water 2 ltr,ವಾಟರ್ 2 ಲಿಟರ್
644,water 2 ltr(Bislary & KF),ವಾಟರ್ 2 ಲಿಟರ್(ಬಿಸ್ಲೆರಿ&ಕೆಎಫ್)
645,Gem sip juice 200 ml,ಜೆಮ್ ಸಿಪ್ ಜ್ಯೂಸ್ 200 ಎಮೆ್ಎಲ್
646,Gem sip juice 500 ml,ಜೆಮ್ ಸಿಪ್ ಜ್ಯೂಸ್ 500 ಎಮೆ್ಎಲ್
647,lehaberry NT life 200 ml,ಲೆಹಬೆರ್ರಿ ಎನ್ಟಿ ಲೈಫ್ 200 ಎಮ್ ಎಲ್
648,Paper boot Alphance 180 ml,ಪೇಪರ್ ಬೋಟ್ ಆಲ್ಫಾನ್ಸ್ 180 ಎಮ್ ಎಲ್
649,Paper boot Alphance 200 ml,ಪೇಪರ್ ಬೋಟ್ ಆಲ್ಫಾನ್ಸ್ 200 ಎಮ್ ಎಲ್
650,Paper boot Alphance 250 ml,ಪೇಪರ್ ಬೋಟ್ ಆಲ್ಫಾನ್ಸ್ 250 ಎಮ್ ಎಲ್
651,Paper boot Majjige 200 ml,ಪೇಪರ್ ಬೋಟ್ 200 ಎಮ್ ಎಲ್
652,Paper boot Pomogranet & Nerale 250 ml,ಪೇಪರ್ ಬೋಟ್ ಪೊಮಾಗ್ರನೇಟ್ & ನೆರಳೆ 250 ಎಮ್ ಎಲ್
653,Paper boat Chiki 18 g,ಪೇಪರ್ ಬೋಟ್ ಚಿಕಿ 18ಗ್ರಾಂ
654,Paper boat Chiki 35 g,ಪೇಪರ್ ಬೋಟ್ ಚಿಕಿ 35ಗ್ರಾಂ
655,Coco gel 200ml,ಕೊಕೊ ಜೆಲ್ 200 ಎಮ್ ಎಲ್
656,Nandini milk 200 ml,ನಂದಿನಿ ಮಿಲ್ಕ್ 200 ಎಮ್ ಎಲ್
657,Ghee 200 ml,ಘೀ 200 ಎಮ್ ಎಲ್
658,Ghee 0.5 kg,ಘೀ 0.5 ಕೆಜಿ
659,Ghee 1 kg,ಘೀ 1 ಕೆಜಿ
660,Nandini M.L 200 ml,ನಂದಿನಿ ಮಿಲ್ಕ್ ಲಸ್ಸಿ 200 ಎಮ್ ಎಲ್
661,Nandini Plain lassi 200 ml,ನಂದಿನಿ ಪ್ಲೈನ್ ಲಸ್ಸಿ 200 ಎಮ್ ಎಲ್
662,Nandini cuckies ( 1 jar),ನಂದಿನಿ ಕುಕ್ಕಿಸ್ (1 ಜಾರ್)
663,Nandini peda,ನಂದಿನಿ ಪೇಡ
664,Nandini dharvada peda,ನಂದಿನಿ ಧಾರವಾಡ ಪೇಡ
665,Amul milk 200 ml,ಅಮುಲ್ ಮಿಲ್ಕ್ 200 ಎಮ್ ಎಲ್
666,cool caffe 200 ml,ಕೂಲ್ ಕಾಫಿ 200 ಎಮ್ ಎಲ್
667,Premium milk 200 ml,ಪ್ರೀಮಿಯಮ್ ಮಿಲ್ಕ್ 200 ಎಮ್ ಎಲ್
668,Amul badami milk 200 ml,ಅಮುಲ್ ಬಾದಾಮ್ ಮಿಲ್ಕ್ 200 ಎಮ್ ಎಲ್
669,Amul lassi 200 ml,ಅಮುಲ್ ಲಸ್ಸಿ 200 ಎಮ್ ಎಲ್
670,lassi 200 ml,ಲಸ್ಸಿ 200 ಎಮ್ ಎಲ್
671,Amul masthi,ಅಮುಲ್ ಮಸ್ತಿ
672,Rava Idli Mix 1Kg,ರವ ಇಡ್ಲಿ ಮಿಕ್ಸ್ 1 ಕೆಜಿ
673,Rava Idli Mix 500g,ರವ ಇಡ್ಲಿ ಮಿಕ್ಸ್ 500 ಗ್ರಾಂ
674,Rava Idli Mix 200g,ರವ ಇಡ್ಲಿ ಮಿಕ್ಸ್ 200 ಗ್ರಾಂ
675,Masala Idli Mix 500g,ಮಾಸಾಲ ಇಡ್ಲಿ ಮಿಕ್ಸ್ 500 ಗ್ರಾಂ
676,KOKOZAL,ಕೋಕೋಜಲ್
677,LECCHI (Thaiwan),ತೈವಾನ್ ಲಿಚ್ಛಿ
678,Vada mix 200g,ವಡ ಮಿಕ್ಸ್ 200 ಗ್ರಾಂ
679,Dosa mix 500g,ದೋಸ ಮಿಕ್ಸ್ 500 ಗ್ರಾಂ
680,Dosa mix 200g,ದೋಸ ಮಿಕ್ಸ್ 200 ಗ್ರಾಂ
681,Rice Idli Mix 500g,ರೈಸ್ ಇಡ್ಲಿ ಮಿಕ್ಸ್ 500 ಗ್ರಾಂ
682,Rice Idli Mix 200g,ರೈಸ್ ಇಡ್ಲಿ ಮಿಕ್ಸ್ 200 ಗ್ರಾಂ
683,Rava dosa mix 500g,ರವಾ ದೋಸ ಮಿಕ್ಸ್ 500 ಗ್ರಾಂ
684,Masala Upma mix 180g,ಮಸಾಲ ಉಪ್ಮ ಮಿಕ್ಸ್ 180 ಗ್ರಾಂ
685,Ragi dosa mix 500g,ರಾಗಿ ದೋಸ ಮಿಕ್ಸ್ 500 ಗ್ರಾಂ
686,Ragi rava idli mix 500g,ರಾಗಿ ರವ ಇಡ್ಲಿ ಮಿಕ್ಸ್ 500 ಗ್ರಾಂ
687,Oats idli mix 500g,ಓಟ್ಸ್ ಇಡ್ಲಿ ಮಿಕ್ಸ್ 500 ಗ್ರಾಂ
688,Multi grain Dosa mix 500g,ಮಲ್ಟಿ ಗ್ರೈನ್ ದೋಸ ಮಿಕ್ಸ್ 500 ಗ್ರಾಂ
689,Regular poha 180g,ರೆಗ್ಯುಲರ್ ಪೋಹ 180 ಗ್ರಾಂ
690,Vermicelli upma 170g,ವರ್ಮಿಚೆಲ್ಲಿ ಉಪ್ಮ 170 ಗ್ರಾಂ
691,Regular poha cuppa 80 g,ವರ್ಮಿಚೆಲ್ಲಿ ಉಪ್ಮ ಕುಪ್ಪ 80 ಗ್ರಾಂ
692,Gulab jamun mix 200g,ಗುಲಾಬ್ ಜಾಮುನ್ ಮಿಕ್ಸ್ 200ಗ್ರಾಂ
693,Gulab jamun mix 100g,ಗುಲಾಬ್ ಜಾಮುನ್ ಮಿಕ್ಸ್ 100ಗ್ರಾಂ
694,Gulab jamun mix 40g,ಗುಲಾಬ್ ಜಾಮುನ್ ಮಿಕ್ಸ್ 40ಗ್ರಾಂ
695,Gulab jamun mix 500g,ಗುಲಾಬ್ ಜಾಮುನ್ ಮಿಕ್ಸ್ 500ಗ್ರಾಂ
696,Varmicelli (Payasa),ವರ್ಮಿಚೆಲ್ಲಿ (ಪಾಯಸ)
697,Badam drinks mix 500g,ಬಾದಾಮ್ ಡ್ರಿಂಕ್ಸ್ ಮಿಕ್ಸ್ 500 ಗ್ರಾಂ
698,Badam drinks mix 200g,ಬಾದಾಮ್ ಡ್ರಿಂಕ್ಸ್ ಮಿಕ್ಸ್ 200 ಗ್ರಾಂ
699,Badam drinks mix 100g,ಬಾದಾಮ್ ಡ್ರಿಂಕ್ಸ್ ಮಿಕ್ಸ್ 100 ಗ್ರಾಂ
700,Badam drinks mix 12g,ಬಾದಾಮ್ ಡ್ರಿಂಕ್ಸ್ ಮಿಕ್ಸ್ 12 ಗ್ರಾಂ
701,Sambar mix 200g,ಸಾಂಬಾರ್ ಮಿಕ್ಸ್ 200 ಗ್ರಾಂ
702,Sambar Powder Spicy 200g,ಸಾಂಬಾರ್ ಪೌಡರ್ ಸ್ಪೈಸಿ 200 ಗ್ರಾಂ
703,Sambar Powder Spicy 100g,ಸಾಂಬಾರ್ ಪೌಡರ್ ಸ್ಪೈಸಿ 100 ಗ್ರಾಂ
704,Sambar Powder Spicy 40g,ಸಾಂಬಾರ್ ಪೌಡರ್ ಸ್ಪೈಸಿ 40 ಗ್ರಾಂ
705,Sambar Powder Spicy 20g,ಸಾಂಬಾರ್ ಪೌಡರ್ ಸ್ಪೈಸಿ 20 ಗ್ರಾಂ
706,Bajji and Bonda mix 200g,ಬಜ್ಜಿ & ಬೋಂಡ ಮಿಕ್ಸ್ 200 ಗ್ರಾಂ
707,Gobi manchurian 300g,ಗೋಬಿ ಮಂಚೂರಿಯನ್ 300 ಗ್ರಾಂ
708,Rasagulla portion 120g,ರಸಗುಲ್ಲ ಪೋರ್ಷನ್ 120 ಗ್ರಾಂ
709,Rasagulla portion 500g(tin),ರಸಗುಲ್ಲ ಪೋರ್ಷನ್ 500 ಗ್ರಾಂ (ಟಿನ್)
710,Gulab Jamun (Portion) 100g,ಗುಲಾಬ್ ಜಾಮುನ್ (ಪೋರ್ಷನ್) 100 ಗ್ರಾಂ
711,Gulab Jamun (Portion) 500g(tin),ಗುಲಾಬ್ ಜಾಮುನ್ (ಪೋರ್ಷನ್) 500 ಗ್ರಾಂ(ಟಿನ್)
712,Badam Drink 180L,ಬಾದಾಮ್ ಡ್ರಿಂಕ್ಸ್ 180 ಎಮ್ ಎಲ್
713,Chilli Powder 200g,ಚಿಲ್ಲಿ ಪೌಡರ್ 200 ಗ್ರಾಂ
714,Chilli Powder 100g,ಚಿಲ್ಲಿ ಪೌಡರ್ 100 ಗ್ರಾಂ
715,Chilli Powder 50g,ಚಿಲ್ಲಿ ಪೌಡರ್ 50 ಗ್ರಾಂ
716,Turmeric Powder 200g,ಟರ್ಮೆರಿಕ್ ಪೌಡರ್ 200 ಗ್ರಾಂ
717,Turmeric Powder 100g,ಟರ್ಮೆರಿಕ್ ಪೌಡರ್ 100 ಗ್ರಾಂ
718,Turmeric Powder 50g,ಟರ್ಮೆರಿಕ್ ಪೌಡರ್ 50 ಗ್ರಾಂ
719,Corinder powder 200g,ಕೋರಿಯಂಡರ್ ಪೌಡರ್ 200 ಗ್ರಾಂ
720,Corinder powder 100g,ಕೋರಿಯಂಡರ್ ಪೌಡರ್ 100 ಗ್ರಾಂ
721,Corinder powder 50g,ಕೋರಿಯಂಡರ್ ಪೌಡರ್ 50 ಗ್ರಾಂ
722,Jeera Powder 50g,ಜೀರ ಪೌಡರ್ 50 ಗ್ರಾಂ
723,Jeera Powder 15g,ಜೀರ ಪೌಡರ್ 15 ಗ್ರಾಂ
724,Papper powder 50g,ಪೆಪ್ಪರ್ ಪೌಡರ್ 50 ಗ್ರಾಂ
725,Papper powder 10g,ಪೆಪ್ಪರ್ ಪೌಡರ್ 10 ಗ್ರಾಂ
726,TN. Sambar powder 100g,ಟಿ ಎನ್ ಸಾಂಬಾರ್ ಪೌಡರ್ 100 ಗ್ರಾಂ
727,Spice curry Powder 50g,ಸ್ಪೈಸಿ ಕರ್ರಿ ಪೌಡರ್ 50 ಗ್ರಾಂ
728,Puligare Paste 200g,ಪುಲಿಯೋಗರೆ ಪೇಸ್ಟ್ 200 ಗ್ರಾಂ
729,Vermicelli (Sayam) 900g,ವರ್ಮಿಚೆಲ್ಲಿ (ಸಾಯಮ್) 900 ಗ್ರಾಂ
730,Vermicelli (Sayam) 400g,ವರ್ಮಿಚೆಲ್ಲಿ (ಸಾಯಮ್) 400 ಗ್ರಾಂ
731,Vermicelli (Sayam) 165g,ವರ್ಮಿಚೆಲ್ಲಿ (ಸಾಯಮ್) 165 ಗ್ರಾಂ
732,Roost Vermicelli 430g,ರೋಸ್ಟ್ ವರ್ಮಿಚೆಲ್ಲಿ 430 ಗ್ರಾಂ
733,Puliyogare Powder 200g,ಪುಲಿಯೋಗರೆ ಪೌಡರ್ 200 ಗ್ರಾಂ
734,Puliyogare Powder 100g,ಪುಲಿಯೋಗರೆ ಪೌಡರ್ 100 ಗ್ರಾಂ
735,Puliyogare Powder 35g,ಪುಲಿಯೋಗರೆ ಪೌಡರ್ 35 ಗ್ರಾಂ
736,Vangi bath Powder 200g,ವಾಂಗಿ ಬಾತ್ ಪೌಡರ್ 200 ಗ್ರಾಂ
737,Vangi bath Powder 100g,ವಾಂಗಿ ಬಾತ್ ಪೌಡರ್ 100 ಗ್ರಾಂ
738,Vangi bath Powder 20g,ವಾಂಗಿ ಬಾತ್ ಪೌಡರ್ 20 ಗ್ರಾಂ
739,Spiced Chutney Powder 30g,ಸ್ಪೈಸಿ ಚಟ್ನಿ ಪೌಡರ್ 30 ಗ್ರಾಂ
740,Spiced Chutney Powder 100g,ಸ್ಪೈಸಿ ಚಟ್ನಿ ಪೌಡರ್ 100 ಗ್ರಾಂ
741,Spiced Chutney Powder 200g,ಸ್ಪೈಸಿ ಚಟ್ನಿ ಪೌಡರ್ 200 ಗ್ರಾಂ
742,Rasam Powder 200g,ರಸಂ ಪೌಡರ್ 200 ಗ್ರಾಂ
743,Rasam Powder 100g,ರಸಂ ಪೌಡರ್ 100 ಗ್ರಾಂ
744,Rasam Powder 20g,ರಸಂ ಪೌಡರ್ 20 ಗ್ರಾಂ
745,Bisibelebath Masala 200g,ಬಿಸಿಬೆಲೆಬಾತ್ ಮಸಾಲ 200 ಗ್ರಾಂ
746,Bisibelebath Masala 100g,ಬಿಸಿಬೆಲೆಬಾತ್ ಮಸಾಲ 100 ಗ್ರಾಂ
747,Bisibelebath Masala 20g,ಬಿಸಿಬೆಲೆಬಾತ್ ಮಸಾಲ 20 ಗ್ರಾಂ
748,Palao Masala 10g,ಪಾಲೊ ಮಸಲಾ 10 ಗ್ರಾಂ
749,TN. Biriyani Masala 15g,ಟಿಎನ್ ಬಿರಿಯಾನಿ ಮಸಾಲಾ 15 ಗ್ರಾಂ
750,Garam Masala 50g,ಗರಮ್ ಮಸಾಲಾ 50 ಗ್ರಾಂ
751,Garam Masala 10g,ಗರಮ್ ಮಸಾಲಾ 10 ಗ್ರಾಂ
752,Chat Masala 100g,ಚಾಟ್ ಮಸಾಲ 100 ಗ್ರಾಂ
753,Mango Thokku Pickle 300g,ಮ್ಯಾಂಗೊ ತೊಕ್ಕು ಪಿಕ್ಕಲ್ 300 ಗ್ರಾಂ
754,Mango Thokku Pickle 500g,ಮ್ಯಾಂಗೊ ತೊಕ್ಕು ಪಿಕ್ಕಲ್ 500 ಗ್ರಾಂ
755,Lime Pickle 300g,ಲೈಮ್ ಪಿಕ್ಕಲ್ 300 ಗ್ರಾಂ
756,Lime Pickle 500g,ಲೈಮ್ ಪಿಕ್ಕಲ್ 500 ಗ್ರಾಂ
757,Mango Sliced Pickle 300g,ಮ್ಯಾಂಗೊ ಸ್ಲೈಸ್ ಪಿಕ್ಕಲ್ 300 ಗ್ರಾಂ
758,Mango Thokku Pickle 300g,ಮ್ಯಾಂಗೊ ತೊಕ್ಕು ಪಿಕ್ಕಲ್ 300 ಗ್ರಾಂ
759,Tomatto Pickle 300g,ಟಮೇಟೊ ಪಿಕ್ಕಲ್ 300 ಗ್ರಾಂ
760,Erdicks pickles 300g,ಎರ್ಡಿಕ್ಸ್ ಪಿಕ್ಕಲ್ಸ್ 300 ಗ್ರಾಂ
761,lime/ mixed pickle 200g,ಲೈಮ್/ಮಿಕ್ಸ್ ಪಿಕ್ಕಲ್ 200 ಗ್ರಾಂ
762,Mango sliced Pickle 200g,ಮ್ಯಾಂಗೊ ಸ್ಲೈಸ್ ಪಿಕ್ಕಲ್ 200 ಗ್ರಾಂ
763,Mango/Lime/Tomato pickle 12g,ಮ್ಯಾಂಗೊ/ಲೈಮ್/ಟಮೆಟೊ ಪಿಕ್ಕಲ್ 12 ಗ್ರಾಂ
764,Mango/Lime/Tomato pickle 60g,ಮ್ಯಾಂಗೊ/ಲೈಮ್/ಟಮೆಟೊ ಪಿಕ್ಕಲ್ 60 ಗ್ರಾಂ
765,Snackupallu 30g - 35g,ಸ್ನಾಕ್ಸ್ ಉಪ್ಪಲು 30 ಗ್ರಾಂ - 35 ಗ್ರಾಂ
766,Snackupallu 40g,ಸ್ನಾಕ್ಸ್ ಉಪ್ಪಲು 40 ಗ್ರಾಂ
767,Snackupallu 180g,ಸ್ನಾಕ್ಸ್ ಉಪ್ಪಲು 180 ಗ್ರಾಂ
768,Snackupallu 90g,ಸ್ನಾಕ್ಸ್ ಉಪ್ಪಲು 90 ಗ್ರಾಂ
769,NEWZELAND QUSE,ನ್ಯೂಜಿಲ್ಯಾಂಡ್ ಕ್ಯೂಸ್
770,CHUTNEY POWDERS 200G,ಚಟ್ನಿ ಪೌಡರ್ಸ್ 200 ಗ್ರಾಂ
771,KADAK ROTTI 300G,ಕಡಕ್ ರೊಟ್ಟಿ 300 ಗ್ರಾಂ
772,COCONUT CHETNEY POWDER,ಕೋಕನಟ್ ಚಟ್ನಿ ಪುಡಿ 200 ಗ್ರಾಂ
773,KARDONT 250G,ಕರದಂಟು 250
774,lADAGI LADU 250G,ಲಡಗಿ ಲಾಡು 250 ಗ್ರಾಂ
775,BELGAVMKUNDA 250G,ಬೆಳಗಾಂ ಕುಂದ 250 ಗ್ರಾಂ
776,ANTINA HUNDE 250G,ಅಂಟಿನ ಉಂಡೆ 250 ಗ್ರಾಂ
777,THAKUR PEDA 250G,ಟಾಕೂರ್ ಪೇಡ 250 ಗ್ರಾಂ
778,PICKLE LIME,ಪಿಕ್ಕಲ್ 12 ಗ್ರಾಂ
779,Parsumon (Japan mango),ಪಾರಸುಮಾನ್( ಜಪಾನ್ ಮ್ಯಾಂಗೋ)
779,Parsumon (Japan mango),ಪಾರಸುಮಾನ್( ಜಪಾನ್ ಮ್ಯಾಂಗೋ)
780,kesar gedde,ಕೇಸರ್ ಗೆಡ್ಡೆ
781,Painaple kerala,ಅನಾನಸ್ ಕೇರಳ
782,beet root ooty,ಬೀಟ್ ರೂಟ್ ಊಟಿ
783,carrate delhi,ಕ್ಯಾರೇಟ್ ಡೆಲ್ಲಿ
784,AUSTRALIA CHAKKOTHA,ಆಸ್ಟ್ರೇಲಿಯ ಚಕೋತ
785,POME GRANATE JAM 180 g,ದಾಳಿಂಬೆ ಜಾಮ್ 180ಗ್ರಾಂ
786,WINNER 400 Grms,ವಿನ್ನರ್ 400 ಗ್ರಾಂ
787,CREAM 12 g BOX,ಕ್ರೀಮ್ 12ಗ್ರಾಂ BOX
788,CREAM BIG BOX,ಕ್ರೀಮ್ ಬಿಗ್ BOX
789,CREAM 7Gram Jar,ಕ್ರೀಮ್ 7ಗ್ರಾಂ ಜಾರ್
790,MELTO BIG,ಮೆಲ್ ಟೋ ಬಿಗ್
791,CRANCHAS,ಕ್ರಂಚಸ್ 12ಗ್ರಾಂ
792,KRANCHOS BIG BOX,ಕ್ರಂಚಸ್ ಬಿಗ್ BOX
793,DARKA TAAN,ಡಾಕð ಟಾನ್
794,DAIRY DREAM BOX,ಡೈರಿ ಡ್ರೀಮ್ BOX
795,MEGHA BYTE BOX,ಮೆಘ ಬೈಟ್ BOX
796,TREAT,ಟ್ರೀಟ್
797,TURBO BOX,ಟ BOX
798,KRUST BOX,ಕ್ರಸ್ಟ್ BOX
799,Campco Bar BOX,ಕ್ಯಾಂ ಕೋ ಬಾರ್ ಬಾಕ್ಸ್
800,ECLAIR JUMB JAR (B) BOX,ಎಕ್ಲರ್ ಜಂಬೂ ಝರ್(ಬಿ) BOX
801,EKLOR JUMBO ZAR (M) BOX,ಎಕ್ಳೂರ್ ಮಿನಿ BOX
802,ECLAIR (ES) BOX,ಎಕ್ಳರ್ ES BOX
803,ES STREBURY,ಇಎಸ್ ಸ್ಟ್ರಾಬರಿ
804,GARLIC CLEANED BOX,ಬೆಳ್ಳುಳ್ಳಿ ಬಿಡಿಸಿದ್ದು ಬಾಕ್ಸ್
805,Badami drink 180ml,¨ÁzÁ«Ä «Ä¯ïÌ 180
806,Chocolate drink 180ml,ZÁPÀ¯ÉÃmï «Ä¯Ïì180
807,LAYS & CHIPS 50 GRAMS,ಲೇಸ್ & ಚಿಪ್ಸ್ 50 ಗ್ರಾಂ
808,BISCUITS AND CAKES 100GRAMS,ಬಿಸ್ಕೇಟ್ & ಕೇಕ್ 100ಗ್ರಾಂ
809,JUICE & AMUL COOL 0.500,ಜ್ಯೂಸ್&ಅಮುಲ್ ಕೂಲ್0.500
810,Egg Fruits,ಎಗ್ ಪ್ರೊಟ್ಸ್
811,BANANA (Black),ಬಾಳೆ ಕಪ್ಪು
812,GRB GHEE RS.5/-,ಜಿ.ಆರ್.ಬಿ ತುಪ್ಪ ರೂ.5/-
813,GRB GHEE RS.10/-,ಜಿ.ಆರ್.ಬಿ ತುಪ್ಪ ರೂ.10/-
814,GRB GHEE RS.20/-,ಜಿ.ಆರ್.ಬಿ ತುಪ್ಪ ರೂ.20/-
815,GRB GHEE 50ml SP,ಜಿ.ಆರ್.ಬಿ ತುಪ್ಪ 50 ಎಮ್.ಎಲ್ ಎಸ್ಪಿ
816,GRB GHEE 50ml ARP Pjar,ಜಿ.ಆರ್.ಬಿ ತುಪ್ಪ 50 ಎಮ್.ಎಲ್ ಎ.ಆರ್.ಪಿ ಪಿಜಾರ್
817,GRB GHEE 100ml sp,ಜಿ.ಆರ್.ಬಿ ತುಪ್ಪ 100 ಎಮ್.ಎಲ್ ಎಸ್.ಪಿ
818,GRB GHEE100ml ARP Pjar,ಜಿ.ಆರ್.ಬಿ ತುಪ್ಪ 100 ಎಮ್.ಎಲ್ ಎ.ಆರ್.ಪಿ ಪಿಜಾರ್
819,GRB GHEE 200ml sp,ಜಿ.ಆರ್.ಬಿ ತುಪ್ಪ 200 ಎಮ್.ಎಲ್ ಎ.ಆರ್.ಪಿ ಪಿಜಾರ್
820,GRB GHEE 200ml sp,ಜಿ.ಆರ್.ಬಿ ತುಪ್ಪ 200 ಎಮ್.ಎಲ್ ಎಸ್.ಪಿ
821,GRB GHEE 500ml sp,ಜಿ.ಆರ್.ಬಿ ತುಪ್ಪ 500 ಎಮ್.ಎಲ್ ಎ.ಆರ್.ಪಿ ಪಿಜಾರ್
822,GRB GHEE 500ml pp,ಜಿ.ಆರ್.ಬಿ ತುಪ್ಪ 500 ಎಮ್.ಎಲ್ ಪಿಪಿ
823,GRB GHEE 500ml ARP Pjar,ಜಿ.ಆರ್.ಬಿ ತುಪ್ಪ 500 ಎಮ್.ಎಲ್ ಎ.ಆರ್.ಪಿ ಪಿಜಾರ್
824,GRB GHEE 1 ltr pjar,ಜಿ.ಆರ್.ಬಿ ತುಪ್ಪ 1ಲೀಟರ್ ಪಿ ಜಾರ್
825,GRB GHEE 1 ltr tin,ಜಿ.ಆರ್.ಬಿ ತುಪ್ಪ 1ಲೀಟರ್ ಟಿನ್
826,GRB GHEE 1 ltr pp,ಜಿ.ಆರ್.ಬಿ ತುಪ್ಪ 1ಲೀಟರ್ ಪಿಪಿ
827,GRB GHEE 2 ltr tin,ಜಿ.ಆರ್.ಬಿ ತುಪ್ಪ 2 ಲೀಟರ್ ಟಿನ್
828,GRB GHEE 5 ltr tin,ಜಿ.ಆರ್.ಬಿ ತುಪ್ಪ 5 ಲೀಟರ್ ಟಿನ್
829,GRB GHEE 15 ltr tin,ಜಿ.ಆರ್.ಬಿ ತುಪ್ಪ 15 ಲೀಟರ್ ಟಿನ್
830,YELLU BELLA MIX 250 grm,ಎಳ್ಳು ಬೆಲ್ಲ ಮಿಕ್ಸ್ 200 ಗ್ರಾಂ
831,Grapes jumbo sharad,ದ್ರಾಕ್ಷಿ ಜಂಬೂ ಶರದ್
833,Egg (Nati),ಮೊಟ್ಟೆ (ನಾಟಿ)
834,Thadnikai,ತಡ್ನಿಕಾಯಿ
835,APPLE TARKI / IRAN,ಸೇಬು ಟರ್ಕಿ/ಇರಾನ್
836,MANGO BADAMI BOX,ಮಾವು ಬಾದಾಮಿ ಬಾಕ್ಸ್
837,BANANA (P) RAIF,ಪಚ್ಚ ಬಾಳೆ ಹಣ್ಣು
838,MANGO SENDARA KAAI,ಮ್ಯಾಂಗೋ ಸೆಂದಾರ ಕಾಯಿ
839,MANGO BYGANPALLI KAAI,ಮ್ಯಾಂಗೋ ಬೈಗನಪಲ್ಲಿ ಕಾಯಿ
840,MANGO MALAGOA KAAI,ಮ್ಯಾಂಗೋ ಮಲಗೋವಾ ಕಾಯಿ
841,MANGO MALLIKA KAAI,ಮಲ್ಲಿಕಾ ಮಾವು ಕಾಯಿ
842,MANGO THOTAPURI KAAI,ಮ್ಯಾಂಗೋ ತೋತಾಪುರಿ ಕಾಯಿ
843,MANGO KALAPADU KAAI,ಮ್ಯಾಂಗೋ ಕಾಲಪಾಡು ಕಾಯಿ
844,MANGO NEELAM KAAI,ಮ್ಯಾಂಗೋ ನೀಲಂ ಕಾಯಿ
845,MANGO DASHIRI KAAI,ಮ್ಯಾಂಗೋ ದಸರಿ ಕಾಯಿ
846,MANGA LANGADA KAAI,ಮ್ಯಾಂಗೋ ಲಂಗಡ ಕಾಯಿ
847,MANGA KESAR KAAI,ಮ್ಯಾಂಗೋ ಕೇಸರ್ ಕಾಯಿ
848,MANGO AMARPALLI KAAI,ಮ್ಯಾಂಗೋ ಅಮರಪಲ್ಲಿ ಕಾಯಿ
849,Tin Juice 250 ML,ಟಿನ್ ಜ್ಯೂಸ್ 250 ಎಂ.ಎಲ್
850,Tender coconut Big KAAI,ತೆಂಗಿನಕಾಯಿ ದೊಡ್ಡದು ಕಾಯಿ
851,MANGO SAKKEREGUTTI KAAI,ಮ್ಯಾಂಗೋ ಸಕ್ಕೆರೆಗುಟ್ಟಿ ಕಾಯಿ
852,lehaberry NT life 1 Liter,ಲೆಹಬೆರ್ರಿ ಎನ್ಟಿ ಲೈಫ್ 1 ಲೀಟರ್
853,UMADI KARELA PICKLE 300G,ಉಮಾದಿ ಕೇರಲಾ ಉಪ್ಪಿನಕಾಯಿ 300ಜಿ
854,UMADI MAGNI BER PICKLE 300G,ಉಮಾದಿ ಮಾಗ್ನಿ ಬಾರ್ ಉಪ್ಪಿನಕಾಯಿ 300ಜಿ
855,UMADI GARLIC PICKLE 300G,ಉಮಾದಿ ಬೆಳ್ಳುಳ್ಳಿ ಉಪ್ಪಿನಕಾಯಿ 300ಜಿ
856,UMADI TOMATO PICKLE 300G,ಉಮಾದಿ ಟೋಮಾಟೋ ಉಪ್ಪಿನಕಾಯಿ 300ಜಿ
857,UMADI DRY FRUIT PICKLE 300G,ಉಮಾದಿ ಡ್ರೈ ಫ್ರೂಟ್ಸ್ ಉಪ್ಪಿನಕಾಯಿ 300ಜಿ
858,UMADI GUNGURA PICKLE 300G,ಉಮಾದಿ ಗುಂಗುರ ಉಪ್ಪಿನಕಾಯಿ 300ಜಿ
859,UMADI SWEET LIME PICKLE 300G,ಉಮಾದಿ ಸ್ವೀಟ್ ಲೈಮ್ ಉಪ್ಪಿನಕಾಯಿ 300ಜಿ
860,UMADI MANGO PICKLE 300G,ಉಮಾದಿ ಮಾವಿನಕಾಯಿ ಉಪ್ಪಿನಕಾಯಿ 300ಜಿ
861,UMADI THECHA 300G,ಉಮಾದಿ ತೇಚ್ಚ 300ಜಿ
862,UMADI TAMRIND PICKLE 300G,ಉಮಾದಿ ಹುಣಸೆ ಉಪ್ಪಿನಕಾಯಿ 300ಜಿ
863,UMADI TAMRIND PICKLE 100G,ಉಮಾದಿ ಹುಣಸೆ ಉಪ್ಪಿನಕಾಯಿ 100ಜಿ
864,UMADI THECHA 100G,ಉಮಾದಿ ತೇಚ್ಚ 100ಜಿ
865,UMADI PLAIN PAPAD 100G,ಉಮಾದಿ ಅಪ್ಪಳ 100ಜಿ
866,UMADI MASALA PAPAD 200G,ಉಮಾದಿ ಮಸಾಲ ಅಪ್ಪಳ 200ಜಿ
867,UMADI MASALA CHILLY FRY 100G,ಉಮಾದಿ ಮಸಾಲಾ ಚಿಲ್ಲಿ ಫ್ರೈ 100ಜಿ
868,UMADI SHENGA HOLIGE 5 PC,ಉಮಾದಿ ಶೇಂಗ ಹೋಳ್ಳಿಗೆ 5 ಪಿಸ್
869,MADHUR JONY BELLA 1Kg,ಮಧುರ್ ಜಾನಿ ಬೆಲ 1 ಕೆ.ಜಿ
870,KOLAPUR ORGANIC BELLA 1Kg,ಕೊಲಾಪುರ್ ಬೆಲ 1 ಕೆ.ಜಿ
871,Beans Horikart Oty,ಬಿನ್ಸ್ ಅರಿಕಾಟ್
872,AMUL CAFE 200ml,ಅಮೂಲ್ ಕೆಫೆ 200 ಎಂಲ್
873,NUTRI LIFE 1ltr 100%,ನ್ಯೂಟ್ರಿ ಲೈಫ್ 1 ಲೀಟರ್ 100%
874,Amul Royal Elaichi,ಅಮೂಲ್ ರಾಯಲ್ ಏಲಕ್ಕಿ
875,Amul Royal Elaichi,ಅಮೂಲ್ ರಾಯಲ್ ಏಲಕ್ಕಿ
876,ROSE ONION,ರೋಸ್ ಈರುಳ್ಳಿ
877,Mango Kesar,ಮಾವು ಕೇಸರ್
878,OTY CARRAT 1ST QUALITY,ಊಟಿ ಕ್ಯಾರೇಟ್ ಪಸ್ಟ್ ಕ್ವಾಲಿಟಿ
879,Gooday buscuits 50g,ಗುಡ್ಡೆ ಬಿಸ್ಕೇಟ್ 50ಗ್ರಾಂ
880,Gooday buscuits 75g,ಗುಡ್ಡೆ ಬಿಸ್ಕೇಟ್ 75ಗ್ರಾಂ
881,Gooday buscuits 100g,ಗುಡ್ಡೆ ಬಿಸ್ಕೇಟ್ 100ಗ್ರಾಂ
882,Gooday buscuits 120g,ಗುಡ್ಡೆ ಬಿಸ್ಕೇಟ್ 120ಗ್ರಾಂ
883,marigold biscuits 130g,ಮಾರಿಗೋಲ್ಡ್ ಬಿಸ್ಕೇಟ್ 130ಗ್ರಾಂ
884,layes 42g,ಲೇಸ್ 42ಗ್ರಾಂ
885,layes 50g,ಲೇಸ್ 50ಗ್ರಾಂ
886,layes 52g,ಲೇಸ್ 52ಗ್ರಾಂ
887,layes 100g,ಲೇಸ್ 100ಗ್ರಾಂ
888,paper boat coconut water 200ml,ಪೇಪರ್ ಬೋಟ್ ಎಳನೀರು 200 ಎಂ.ಎಲ್
889,ROW MANGO KESAR,ಕೇಸರ್ ಮಾವಿನಕಾಯಿ
890,juice amul 160 ml,ಜ್ಯೂಸ್ ಅಮೂಲ್ 160 ಎಂಎಲ್
891,juice amul 250ml,ಜ್ಯೂಸ್ ಅಮೂಲ್ 250 ಎಂಎಲ್
892,juice amul 400 ml,ಜ್ಯೂಸ್ ಅಮೂಲ್ 400 ಎಂಎಲ್
893,juice amul 600 ml,ಜ್ಯೂಸ್ ಅಮೂಲ್ 600 ಎಂಎಲ್
894,BANANA PACHABALE,ಪಚ್ಚಬಾಳೆ
895,BANANA YELLAKKI,ಯಾಲಕ್ಕಿ ಬಾಳೆ
896,BANAN CHANDRA,ಚಂದ್ರಬಾಳೆ
897,BANAN NENDEA,ನೇಂದ್ರಬಾಳೆ
898,BANANA RASABLE,ರಸಬಾಳೆ
899,PERIKULAM ROW MANGO,ಪೆರಿಕುಲಂ ಮಾವಿನಕಾಯಿ
900,miland honey multy flora 1 kg,ಮಿಲಾಂಡ್ ಹನಿ ಮಲ್ಟಿ ಫ್ಲೋರ 1ಕೆ.ಜಿ
901,miland honey multy flora 500 g,ಮಿಲಾಂಡ್ ಹನಿ ಮಲ್ಟಿ ಫ್ಲೋರ 500 ಗ್ರಾಂ
902,miland honey multy flora 250 g,ಮಿಲಾಂಡ್ ಹನಿ ಮಲ್ಟಿ ಫ್ಲೋರ 250 ಗ್ರಾ
903,miland honey multy flora 125 g,ಮಿಲಾಂಡ್ ಹನಿ ಮಲ್ಟಿ ಫ್ಲೋರ 125 ಗ್ರಾಂ
904,miland honey dry fruits 350g,ಮಿಲಾಂಡ್ ಹನಿ ಡ್ರೈ ಫ್ರೂಟ್ಸ್ 350 ಗ್ರಾಂ
905,miland honey leechy 250 g,ಮಿಲಾಂಡ್ ಹನಿ ಲೀಚ್ಚಿ 250 ಗ್ರಾಂ
906,miland honey jamoon 250g,ಮಿಲಾಂಡ್ ಹನಿ ಜಾಮೂನ್ 250 ಗ್ರಾಂ
907,miland honey forest 250 g,ಮಿಲಾಂಡ್ ಹನಿ ಫಾರೆಸ್ಟ್ 250 ಗ್ರಾಂ
908,miland honey kashmiri 250 g,ಮಿಲಾಂಡ್ ಹನಿ ಕಾಶ್ಮೀರಿ 250 ಗ್ರಾಂ
909,Rambostien,ರಾಂಬೂಸ್ಟೀನ್
910,Pomegranate Drink 200 ml,ದಾಳಿಂಬೆ ಡ್ರೀಕ್ 200 ಎಂ ಎಲ್
911,Pomegranate Juice 200 ml,ದಾಳಿಂಬೆ ಜ್ಯೋಸ್ 200 ಎಂ ಎಲ್
912,Pomegranate Sugar free 200 ml,ದಾಳಿಂಬೆ ಶೊಗರ್ ಫ್ರೀ 200 ಎಂ ಎಲ್
913,Pomegranate Squesh 500 ml,ದಾಳಿಂಬೆ ಸ್ಕ್ಯಶ್ 500 ಎಂ ಎಲ್
914,Walnet 100 gram packet,ವಾಲ್ ನೇಟ್ 100 ಗ್ರಾಂ ಪ್ಯಾಕೇಟ್
915,Pom Delight Nata D Coco Pudding 100gram,ಪೊಮೊ ಡಿಲೈಟ್ ನಾಟ ಡಿ ಕೋಕೋ ಪೊಡಿಂಗ್ 100 gram
916,Pom Delight Pudding 100,ಪೋಮ ಡಿಲೈಟ್ ಪುಡಿಂಗ್ 100 ಗ್ರಾಂ
917,POMEGRANTE M,ದಾಳಿಂಬೆ ಮದ್ಯಮ
918,HEGADE PICKEL 300Grams,ಹೆಗ್ಗಡೆ ಉಪಿನಕಾಯಿ 300 ಗ್ರಾಂ
919,HEGADE PICKEL sp 300Grams,ಹೆಗ್ಗಡೆ ಉಪಿನಕಾಯಿ ಎಸ್ ಪಿ 300 ಗ್ರಾಂ
920,hunasehannu paste,ಹುಣಸೆ ಹಣ್ಣಿನ ಪೆಸ್ಟ್
921,ROTO CLOTH BAG,ROTO CLOTH BAG
922,Brazil,ಬ್ರೇಜಿಲ್
923,BRAZIL SCOUT,ಬ್ರೇಜಿಲ್ ಸ್ಕೌಟ್
924,RED JUKUNI,ರೇಡ್ ಜುಕುನಿ
925,LAKSHMANA PALA,ಲಕ್ಷ್ಮಣ ಫಲ
926,AVAREKARI (Hunasur),ಅವರೇಕಾಯಿ (ಹುಣಸೂರು)
927,chilli powder,ಚಿಲ್ಲಿ ಪೌಡರ್
928,Dhanya powder,ಧನ್ಯ ಪೌಡರ್
929,sompa powder,ಸೋಮ್ಪ ಪೌಡರ್
930,sompa powder,ಸೋಮ್ಪ ಪೌಡರ್
931,Turmeric powder,ಹರಿಶಿನ ಪುಡ್ಡಿ
932,chilli powder,ಚಿಲ್ಲಿ ಪೌಡರ್
933,gulab jamoon,ಗುಲಾಬ್ ಜಾಮೂನ್
934,jamoun,jamuon
935,Rave idli rave dosa,ರವೆ ಇಡ್ಲಿ ರವೆ ದೊಸೆ
936,jollada roti,ಜೋಳದ ರೋಟ್ಟಿ
937,Saancup,ಸ್ಯನ್ ಕಪ್
938,coconut chutney powder,ತೆಂಗಿನಕಾಯಿ ಚಟ್ಟನ್ನಿ ಪುಡ್ಡಿ
939,Bisibele bath powder,ಬಿಸಿಬೆಲೆ ಭಾತ್ ಪುಡ್ಡಿ
940,mysorepack 250gm,ಮೈಸೂರ್ ಪಾಕ್ 250ಗ್ರಾಂ
941,mysorepack 100gm,ಮೈಸೂರ್ ಪಾಕ್ 100ಗ್ರಾಂ
942,mysorepack 25gm,ಮೈಸೂರ್ ಪಾಕ್ 25ಗ್ರಾಂ
943,nandini pedda 100gm,ನಂದಿನಿ ಪೇಡ 100ಗ್ರಾಂ
944,nandini pedda 25gm,ನಂದಿನಿ ಪೇಡ 25ಗ್ರಾಂ
945,nandini butter 500gm,ನಂದಿನಿ ಬೆಣೆ 500ಗ್ರಾಂ
946,nandini butter 200gm,ನಂದಿನಿ ಬೆಣೆ 200ಗ್ರಾಂ
947,puneer 1000gm,ಪನೀರ್ 1000ಗ್ರಾಂ
948,puneer 500gm,ಪನೀರ್ 500ಗ್ರಾಂ
949,puneer 200gm,ಪನೀರ್ 200ಗ್ರಾಂ
950,good life milk 200ml,ಗುಡ್ಲೈಫ್ ಹಾಲು 200ಎಂಲ್
951,good life milk 500ml,ಗುಡ್ಲೈಫ್ ಹಾಲು 500ಎಂಲ್
952,good life milk slim 500ml,ಗುಡ್ಲೈಫ್ ಸ್ಲೀಮ್ ಹಾಲು 500ಎಂಲ್
953,Fruity 200 g,ಫ್ರುಟಿ 200 ಗ್ರಾಮ್ಸ್
954,Enriched sweet 400g,ಎನ್ರಿಚಡ್ ಸ್ವಿಟ್ 400 ಗ್ರಾಮ್ಸ್
955,sandwitch supreme 400g,ಸಾಂಡ್ವಿಚ್ ಸುಪ್ರಿಮ್ 400 ಗ್ರಾಮ್ಸ್
956,Hi fibre brown 400g,ಹ್ಐ ಫ್ಐಬರ್ ಬ್ರ್ವನ್ 400 ಗ್ರಾಮ್ಸ್
957,100% whole wheat bread,100% ಓಲ್ ವಿಟ್ ಬ್ರೆಡ್
958,Enriched sweet bun 200g(5*1),ಎನ್ರಿಚಡ್ ಸ್ವಿಟ್ ಬನ್ 200 ಗ್ರಾಮ್ಸ್(5*1)
959,Wow pav 210g,ವಾವ್ ಪಾವ್ 210 ಗ್ರಾಮ್ಸ್
960,premium sweet bread rusk 200g,ಪ್ರಿಮಿಯಮ್ ಸ್ವಿಟ್ ಬ್ರೆಡ್ ರಸ್ಕ್ 200 ಗ್ರಾಮ್ಸ್
961,choco sweet fills 50g,ಕೋಕೊ ಸ್ವಿಟ್ ಫಿಲ್ಸ್ 50 ಗ್ರಾಮ್ಸ್
962,Muffins-chocolate 180g,ಮುಫ್ಫಿನ್ಸ್- ಚಕೋಲೆಟ್ 180 ಗ್ರಾಮ್ಸ್
963,Nutri chais 100 gram,Nutri chais 100 gram
964,Nutri chais Ragi 150 gram,Nutri chais Ragi 150 gram
965,Mari light ots 100 gram,Mari light ots 100 gram
966,Nuti chais B 100 gram,Nuti chais B 100 gram
967,Maza 600 gram,Maza 600 gram
968,Coco light 250 ml,Coco light 250 ml
969,Kusuri girige,Kusuri girige
970,cut fruit donne,cut fruit donne
971,paper cover,paper cover
972,Grapes jumbo sharad Box,ದ್ರಾಕ್ಷಿ ಜಂಬೂ ಶರದ್ box
973,mushroom protein papad 50gm,ಮಶ್ರೂಮ್ ಪೌಷ್ಟಕ ಹಪ್ಪಳ 50ಗ್ರಾಂ
974,mushroom protein papad 100gm,ಮಶ್ರೂಮ್ ಪೌಷ್ಟಕ ಹಪ್ಪಳ 100ಗ್ರಾಂ
975,Mazza 1.5 Liters,ಮಾಜ 1.5 ಲಿಟರ್
976,red bull 250ml,ರೆಡಬುಲ್ 250 ಎಮ್ ಎಲ್
977,milk plus 350 gm,ಮಿಲ್ಕ್ ಪ್ಲಸ್ 350 ಗ್ರಾಂ
978,tea rusk 150gm,ಟೀ ರಸ್ಕ್ 150 ಗ್ರಾಂ
979,multi grains 450 gm,ಮಲ್ಟಿ ಗ್ರೈನ್ಸ್ 450 ಗ್ರಾಂ
980,Garlic New,ಬೆಳ್ಳುಳ್ಳಿ (ಹೂಸದು)
981,sun feast biscuit 40 mg,ಸನ್ ಫೀಸ್ಟ್ ಬಿಸ್ಕೆಟ್ 40 ಎಂ.ಜಿ
982,Mango Ginger,ಮಾವಿನಕಾಯಿ ಶುಂಠಿ
983,Lecchi Thailand,ಲಿಚ್ಚಿ (ಥೈಲ್ಯಾಂಡ್)
984,Chow Chow (Oty),ಸೀಮೆ ಬದನೆ (ಊಟಿ)
985,KO KO KOLA 250 ML,KO KO KOLA 250 ML
986,Beans (Nati),ಹುರುಳಿಕಾಯಿ(ನಾಟಿ)
987,Milk chocolate,milk chocolate
988,White chocolate,white chocolate
989,Crackle chocolate,Crackle chocolate
990,Fruit & nuts chocolate,Fruit & nuts chocolate
991,Chakke (50 g),Chakke (50 g)
992,Chakke (100 g),Chakke (100 g)
993,Cardamom (20 g),Cardamom (20 g)
994,Cardamom (50 g),Cardamom (50 g)
995,Cardamom (100 g),Cardamom (100 g)
996,Jaay kai (50 g),Jaay kai (50 g)
997,Ja patre (10 g),Ja patre (10 g)
998,Lavanga (50 g),Lavanga (50 g)
999,Lavanga (100 g),Lavanga (100 g)
1000,Black pepper (50 g),Black pepper (50 g)
1001,Black pepper (100 g),Black pepper (100 g)
1002,White pepper (50 g),White pepper (50 g)
1003,Red chilli powder (100 g),Red chilli powder (100 g)
1004,Red chilli powder (200 g),Red chilli powder (200 g)
1005,Termaric powder (100 g),Termaric powder (100 g)
1006,Termaric powder (250 g),Termaric powder (250 g)
1007,Cocom juice (700 ml),Cocom juice (700 ml)
1008,Jamoon sugar less (750 ml),Jamoon sugar less (750 ml)
1009,Brahmi juice (750 ml),Brahmi juice (750 ml)
1010,Cooking leaf samber box,Cooking leaf samber box
1011,Korle,Korle
1012,Yam (Thamil nadu/Keral),ಸುವಣ ಗೆಡ್ಡೆ (ತಮಿಳುನಾಡು/ಕೇರಳ)
1013,Bale dendu(paket),Bale dendu(paket)
1014,Bale denu (k.g),Bale denu (k.g)
1015,Cherry (box),Cherry (box)
1016,Badami(Raw),Badami(Hasi)
1017,Apricart (raw),Apricart (raw)
1018,MANGO HIMAM PASAND,MANGO HIMAM PASAND
1020,Grape juice,grape juice
1021,mango juice,Mango juice
1021,mango juice,Mango juice
1021,mango juice,Mango juice
1022,juice glass,juice glass
1023,sugarcane juice,sugarcane juice
1024,yelaneeru organic,yelaneeru organic
1025,HAP VANILLA 100ML,HAP VANILLA 100ML
1026,HAP STRAW BERRY 100 ML,HAP STRAW BERRY 100ML
1027,HAPORANGE CANDY,HAP ORANGE CANDY
1028,HAP MANGO CANDY,HAP MANGO CANDY
1029,HAPGRAPES CANDY,HAP GRAPES CANDY
1030,HAP CHOCOBAR,HAP CHOCOBAR
1031,HAP CHOCOLATE CONE,HAP CHOCOLATE CONE
1032,HAP BUTTER SCOTCH CONE,HAP BUTTER SCOTCH CONE
1033,HAP BLACKCURRENT CONE,HAP BLACKCURRENT CONE
1034,HAP MANGO BALLS,HAP MANGO BALLS
1035,HAP STRAWBERRY BALLS,HAP STRAWBERRY BALLS
1036,HAP MANGO DUET,HAP MANGO DUET
1037,N VANILLA CUP 30ML,N VANILLA CUP 30ML
1038,N VANILLA CUP 65ML,N VANILLA CUP 65ML
1039,N VANILLA BALL 100ML,N VANILLA BALL 100ML
1040,N VANILLA FAMILYPACK 500ML,N VANILLA FAMILYPACK 500ML
1041,N VANILLA PRO FAMILYPACK 500ML,N VANILLA PRO FAMILYPACK 500ML
1042,N VANILLA FAMILYPACK 1LTR,N VANILLA FAMILYPACK 1LTR
1043,N VANILLA TUB PACK 1LTR,N VANILLA TUB PACK 1LTR
1044,N VANILLA TUB PACK 1.5 LTR,N VANILLA TUB PACK 1.5LTR
1045,N VANILLA BULK PACK 5LTR,N VANILLA BULK PACK 5LTR
1046,N STRAWBERRY CUP 30ML,N STRAWBERRY CUP 30ML
1047,N STRAWBERRY CUP 65ML,N STRAWBERRY CUP 65ML
1048,N STRAWBERRY FAMILYPACK 500ML,N STRAWBERRY FAMILYPACK 500ML
1049,N STRAW BERRY 1 LTR,N STRAW BERRY 1 LTR
1050,N STRAWBERRY BALL 100ML,N STRAWBERRY BALL 100ML
1051,N PINEAPPLE CUP 30ML,N PINEAPPLE CUP 30ML
1052,N PINEAPPLE CUP 65ML,N PINEAPPLE CUP 65ML
1053,N PINEAPPLE FAMILYPACK 500ML,N PINEAPPLE FAMILYPACK 500ML
1054,N PINEAPPLE FP 1.250L,N PINEAPPLE FP 1.250L
1055,N KAJU DRAKSH FP 1.250L,N KAJU DRAKSH FP 1.250L
1056,N KAJU DRAKSH BP 5L,N KAJU DRAKSH BP 5L
1057,N BUTTERSCOTCH 65ML,N BUTTERSCOTCH 65ML
1058,N BUTTERSCOTCH FP 500ML,N BUTTERSCOTCH FP 500ML
1059,N BUTTERSCOTCH MC 60ML,N BUTTERSCOTCH MC 60ML
1060,N GREEN PISTA 30ML,N GREEN PISTA 30ML
1061,N MANGO CUP 65ML,N MANGO CUP 65ML
1062,N MANGO FP 500ML,N MANGO FP 500ML
1063,N MANGO BP 1.250L,N MANGO BP 1.250L
1064,N CHOCOLATE CUP 65ML,N CHOCOLATE CUP 65ML
1065,N CHOCOLATE FP 500ML,N CHOCOLATE FP 500ML
1066,N CHOCOLATE FP 1.250ML,N CHOCOLATE FP 1.250ML
1067,N CHOCOLATE CONE 120ML,N CHOCOLATE CONE 120ML
1068,N CHOCO CHIP FP 1.250ML,N CHOCO CHIP FP 1.250ML
1069,N KESARPISTA CUP 65ML,N KESARPISTA CUP 65ML
1070,N KESARPISTA FP 500ML,N KESARPISTA FP 500ML
1071,N KESARPISTA FP 1.250L,N KESARPISTA FP 1.250L
1072,N ANJIR FP 1.250L,N ANJIR FP 1.250L
1073,N BLACKCURRENT FP 1.250L,N BLACKCURRENT FP 1.250L
1074,N ORANGECANDY 50ML,N ORANGECANDY 50ML
1075,N MANGOCANDY 50ML,N MANGOCANDY 50ML
1076,N GRAPECANDY 50ML,N GRAPECANDY 50ML
1077,N RASPBERRYDOLLY,N RASPBERRYDOLLY
1078,N MANGODOLLY,N MANGODALLY
1079,N JUNIOR CHOCOBAR,N JUNIOR CHOCOBAR
1080,N CHOCOBAR,N CHOCOBAR
1081,N NUTTYCHOCOBAR,N NUTTYCHOCOBAR
1082,N SUNDAE,N SUNDAE
1083,N STRAWBERRYSUNDAE 500ML,N STRAWBERRY SUNDAE 750ML
1084,N CHOCOLATESUNDAE 500ML,N CHOCOLATESUNDAE 500ML
1085,N CHOCOLATESUNDAE 750ML,N CHOCOLATESUNDAE 750ML
1086,N PINKGUAVASUNDAE,N PINKGUAVASUNDAE
1087,N FORESTFRUITSUNDAE,N FORESTFRUITSUNDAE
1088,N PISTAKULFI,N PISTAKULFI
1089,N MATKAKULFI,N MATKAKULFI
1090,N NANDINI CASSATA,N NANDINI CASSATA
1091,N GUDBUD,N GUDBUD
1092,N TUTTYFRUITY FP 1.250L,N TUTTYFRUITY FP 1.250L
1093,N MAGIC VANILLA 40ML,N MAGIC VANILLA 40ML
1094,N VANILLA CONE,N VANILLA CONE
1095,N BLACKCURRENT CONE,N BLACKCURRENT CONE
1096,2 IN 1 MANGOSUNDAE,2 IN 1 MANGOSUNDAE
1097,RASP BERRY,RASP BERRY
1098,VANILLA 500 ML,VANILLA 500 ML
1099,STRAW BERRY 500 ML,STRAW BERRY 500 ML
1100,HAP FIG O HONEY,HAP FIG O HONEY
1101,HAP SPANISH DELIGHT,HAP SPANISH DELIGHT
1102,HAP HONEY GULKAN 500 ML,HAP HONEY GULKAN 500 ML
1103,HAP OREO 500ML,HAP OREO 500ML
1104,HAP BUTTERSCOTCH,HAP BUTTERSCOTCH
1105,HAP PISTA GREEN 500ML,HAP PISTA GREEN 500ML
1106,HAP MANGO 500ML,HAP MANGO 500ML
1107,Plums Indian,Plums Indian
1108,Apple simla (Medium),Apple simla (Medium
1109,Kiwi China,Kiwi China
1110,Nitter,Nitter
1111,N BUTTERSCOTCH CONE 120 ML,N BUTTERSCOTCH CONE 120 ML
1112,N BUTTERSCOTCH FP 1.250 ML,N BUTTERSCOTCH FP 1.250 ML
1113,N BUTTERSCOTCH TB 1.500ML,N BUTTERSCOTCH TB 1.500ML
1114,Berry (Red),Berry (Red)
1115,AL MANGO100ML,AL MANGO100ML
1116,AL BUTTER SCOTOCH100 ML,AL BUTTER SCOTOCH100 M
1117,AL CHOC BROWNIE 125 ML,AL CHOC BROWNIE 125 ML
1118,AL CHOCOLATE100ML,AL CHOCOLATE100ML
1119,AL GREEN PISTA65ML,AL GREEN PISTA65ML
1120,AL RAJBHOG 125ML,AL RAJBHOG 125ML
1121,AL STRAWBERRY65ML,AL STRAWBERRY65ML
1122,AL VANILLA 65ML,AL VANILLA 65ML
1123,AL ASLI GUAVA80ML,AL ASLI GUAVA80ML
1124,AL ALPHONS GOLD 80ML,AL ALPHONS GOLD 80ML
1125,mela cut fruit donne,mela cut fruit donne
1126,AL CHOCO CAPPUCCINO,AL CHOCO CAPPUCCINO
1127,AL CHOCO ALMOND 80 ML,AL CHOCO ALMOND 80 ML
1128,AL ASLI AAM 80 ML,AL ASLI AAM 80 ML
1129,AL ASLI AAM 80 ML,AL ASLI AAM 80 ML
1130,AL EPIC STR TWIST 80 ML,AL EPIC STR TWIST 80 ML
1131,AL CUPFROZEN YOGHURT,AL CUPFROZEN YOGHURT
1132,AL YOGHURT WILD BERRY,AL YOGHURT WILD BERRY
1133,AL COOKIE SUB,AL COOKIE SUB
1134,KAJU MALAI ROLL CUT,KAJU MALAI ROLL CUT
1135,SANDWICH VANILLA,SANDWICH VANILLA
1136,SUGAR FREESHASHI ANJIR,SUGAR FREESHASHI ANJIR
1137,SUGAR FREE VANILA,SUGAR FREE VANILA
1138,PROLIFE CHACOBAR 40 ML,PROLIFE CHACOBAR 40 ML
1139,AL COLA ICE LICKZ,AL COLA ICE LICKZ
1140,AL CHOCOPOP 18 ML,AL CHOCOPOP 18 ML
1141,AL MANGO FROOT LICKZ,AL MANGO FROOT LICKZ
1142,AL ORANGE FROOT,AL ORANGE FROOT
1143,AL FROSTICK,AL FROSTICK
1144,AL KOOLFI BADSHAHI 60ML,AL KOOLFI BADSHAHI 60ML
1145,AL MANGO ICE LICKZ,AL MANGO ICE LICKZ
1146,AL MANGO DUETZ 60ML,AL MANGO DUETZ 60ML
1147,AL ORANGE ICE LICKZ,AL ORANGE ICE LICKZ
1148,AL PANJABI KULFI MAWA,AL PANJABI KULFI MAWA
1149,AL RASBERRY DUET,AL RASBERRY DUET
1150,SUNDAE BALCK CURRANT,SUNDAE BALCK CURRANT
1151,AL RAJASTHANI KULFI,AL RAJASTHANI KULFI
1152,AL SUNDAE CHOCOLATE 125 ML,AL SUNDAE CHOCOLATE 125 ML
1153,AL TRICONE BELGIN CHOCO 120ML,AL TRICONE BELGIN CHOCO 120ML
1154,TRICONE BUTTER SCOTCH 50 ML,TRICONE BUTTER SCOTCH 50 ML
1155,AL TEICONE CHOCOLATE 120ML,AL TEICONE CHOCOLATE 120ML
1156,AL TRICONE CHOCOLATE 100 ML,AL TRICONE CHOCOLATE 100 ML
1157,AL TRICONE KESAR PISTA 120ML,AL TRICONE KESAR PISTA 120ML
1158,AL TRICONE VANILA 120 ML,AL TRICONE VANILA 120 ML
1159,ALCOLA ICE LICKZ,ALCOLA ICE LICKZ
1160,AL CASSATTA,AL CASSATTA
1161,AL CUP STRAW BERRY,AL CUP STRAW BERRY
1162,N Strawberry cone 120ml,N Strawberry cone 120ml
1163,N KULFI 30ml,N KULFI 30ml
1164,N Pista kulfi 60ml,N Pista kulfi 60ml
1165,2-1 Chocolate sunday,2-1 Chocolate sunday
1166,2-1 Strawberry sunday,2-1 Strawberry sunday
1167,N Cone pista 120ml,N Cone pista 120ml
1168,Nugge greens (Box),Nugge greens (Box)
